NOME,TIPO DE BENEFICIO,ATUALMENTE NO SISTEMA,CICLO DE VALIDAÇÃO,VALIDADO PGE,VALIDADO PRESIDENCIA,SIMULAVEL,TIPO,APOS_ESPECIAL,TIPO_REMUN,PARIDADE,TabelaPontuacao,Requisitos da IN Nº 5/2020,Relatório p/ Reserva Remunerada por Idade ex-officio,ADICIONAL_INATIVIDADE,DATA_ADM_ATE,DATA_ADM_APOS,DATA_DIREITO_ATE,DATA_DIREITO_APOS,FUNDAMENTACAO_PROPORCIONAL,VISIVEL DTC PROPORCIONAL,FUNDAMENTACAO_INTEGRAL,VISIVEL DTC INTEGRAL,SEXO,INTEGRAL,TIPO_CALCULO,FUNDAMENTACAO,REGRA PROPOSTA,GRUPO DE SUBSTITUICAO,SUBSTITUI,ESTADO DA PROPOSTA,DEPLOYABLE,PENDENCIAS
Invalidez · CF/88 original · acidente em serviço · integral · paridade,APOSENTADORIA POR INVALIDEZ,,,,,N,,,,S,,,,,,,16/12/1998 00:00,05/10/1988 00:00,,,"No curso do processo administrativo, ficou demonstrado que o interessado era servidor titular de cargo efetivo, que se encontrava em estado de invalidez permanente e que essa invalidez decorreu de acidente em serviço, com nexo causal reconhecido; a incapacidade permanente e o nexo foram apurados por junta médica oficial e pela instrução previdenciária do IPERON, mediante laudo médico oficial, comunicação e apuração do acidente, prontuários e assentamentos funcionais, tendo sido exigidas conclusão médica de incapacidade permanente e ato ou conjunto probatório que reconhecesse o nexo com o serviço. Ficou igualmente demonstrado que os requisitos foram integralmente cumpridos até 15/12/1998, véspera da publicação da Emenda Constitucional nº 20/1998.
Esses requisitos se extraem da conjugação de três dispositivos. O art. 40, inciso I, da Constituição Federal em seu texto original determina a aposentadoria por invalidez permanente e reserva os proventos integrais às invalidezes decorrentes de acidente em serviço, sendo dele que se retiram a permanência, o nexo com o serviço e o ramo integral. O art. 40, § 4º, do mesmo texto funda a paridade, ao determinar a revisão dos proventos na mesma proporção e data da remuneração dos servidores em atividade. O art. 3º da Emenda Constitucional nº 20/1998 preserva a concessão, pelos critérios anteriores, a quem cumpriu os requisitos até a publicação da emenda.
Do reconhecimento do acidente em serviço resulta a concessão de proventos integrais, sem redução proporcional ao tempo, segundo a forma de cálculo fundada no art. 40, inciso I, da Constituição Federal em sua redação original. A base inicial corresponde ao vencimento do cargo, acrescido da gratificação adicional por tempo e de outras vantagens pecuniárias, conforme o estatuto estadual vigente na data de implementação do direito. Nos períodos já transcritos no bundle, essa composição resulta do art. 156 da Lei Complementar Estadual nº 39/1990 e do art. 236 da Lei Complementar Estadual nº 68/1992. A paridade decorre do art. 40, § 4º, da mesma redação e opera como regime de revisão posterior.",,AMBOS,S,Valor Efetivo,,invalidez-cf88-original-acidente-em-servico,invalidez-historica-cf88-original-e-ec20,regra-0001 regra-0002 regra-0004,elaboracao,N,
Invalidez · CF/88 original · moléstia profissional · integral · paridade,APOSENTADORIA POR INVALIDEZ,,,,,N,,,,S,,,,,,,16/12/1998 00:00,05/10/1988 00:00,,,"No curso do processo administrativo, ficou demonstrado que o interessado era servidor titular de cargo efetivo, que se encontrava em estado de invalidez permanente e que essa invalidez decorreu de moléstia profissional, com nexo ocupacional reconhecido; a incapacidade e o nexo foram apurados por junta médica oficial e pela instrução previdenciária do IPERON, mediante laudo médico oficial, histórico ocupacional, prontuários, laudo ambiental e assentamentos funcionais, tendo sido exigidas conclusão médica de incapacidade permanente e prova suficiente do nexo entre a moléstia e o trabalho. Ficou igualmente demonstrado que os requisitos foram integralmente cumpridos até 15/12/1998, véspera da publicação da Emenda Constitucional nº 20/1998.
Esses requisitos se extraem da conjugação de três dispositivos. O art. 40, inciso I, da Constituição Federal em seu texto original determina a aposentadoria por invalidez permanente e reserva os proventos integrais às invalidezes decorrentes de moléstia profissional, sendo dele que se retiram a permanência, o nexo ocupacional e o ramo integral. O art. 40, § 4º, do mesmo texto funda a paridade, ao determinar a revisão dos proventos na mesma proporção e data da remuneração dos servidores em atividade. O art. 3º da Emenda Constitucional nº 20/1998 preserva a concessão, pelos critérios anteriores, a quem cumpriu os requisitos até a publicação da emenda.
Do reconhecimento da moléstia profissional resulta a concessão de proventos integrais, sem redução proporcional ao tempo, segundo a forma de cálculo fundada no art. 40, inciso I, da Constituição Federal em sua redação original. A base inicial corresponde ao vencimento do cargo, acrescido da gratificação adicional por tempo e de outras vantagens pecuniárias, conforme o estatuto estadual vigente na data de implementação do direito. Nos períodos já transcritos no bundle, essa composição resulta do art. 156 da Lei Complementar Estadual nº 39/1990 e do art. 236 da Lei Complementar Estadual nº 68/1992. A paridade decorre do art. 40, § 4º, da mesma redação e opera como regime de revisão posterior.",,AMBOS,S,Valor Efetivo,,invalidez-cf88-original-molestia-profissional,invalidez-historica-cf88-original-e-ec20,regra-0001 regra-0002 regra-0004,elaboracao,N,
Invalidez · CF/88 original · doença grave catalogada · integral · paridade,APOSENTADORIA POR INVALIDEZ,,,,,N,,,,S,,,,,,,16/12/1998 00:00,05/10/1988 00:00,,,"No curso do processo administrativo, ficou demonstrado que o interessado era servidor titular de cargo efetivo, que se encontrava em estado de invalidez permanente e que a doença causadora da incapacidade era grave, contagiosa ou incurável e estava especificada no rol legal vigente na data do direito; o diagnóstico, a incapacidade e a correspondência com o rol foram apurados por junta médica oficial e pela instrução previdenciária do IPERON, mediante laudo médico oficial, exames, prontuários e o texto legal temporalmente aplicável. Ficou igualmente demonstrado que os requisitos foram integralmente cumpridos até 15/12/1998, véspera da publicação da Emenda Constitucional nº 20/1998.
Esses requisitos se extraem da conjugação de três dispositivos. O art. 40, inciso I, da Constituição Federal em seu texto original determina a aposentadoria por invalidez permanente e reserva os proventos integrais à doença grave, contagiosa ou incurável especificada em lei, sendo dele que se retiram a permanência, a exigência de catalogação legal e o ramo integral. O art. 40, § 4º, do mesmo texto funda a paridade, ao determinar a revisão dos proventos na mesma proporção e data da remuneração dos servidores em atividade. O art. 3º da Emenda Constitucional nº 20/1998 preserva a concessão, pelos critérios anteriores, a quem cumpriu os requisitos até a publicação da emenda.
Do enquadramento da doença no rol legal aplicável resulta a concessão de proventos integrais, sem redução proporcional ao tempo, segundo a forma de cálculo fundada no art. 40, inciso I, da Constituição Federal em sua redação original. A base inicial corresponde ao vencimento do cargo, acrescido da gratificação adicional por tempo e de outras vantagens pecuniárias, conforme o estatuto estadual vigente na data de implementação do direito. Nos períodos já transcritos no bundle, essa composição resulta do art. 156 da Lei Complementar Estadual nº 39/1990 e do art. 236 da Lei Complementar Estadual nº 68/1992. A paridade decorre do art. 40, § 4º, da mesma redação e opera como regime de revisão posterior.",,AMBOS,S,Valor Efetivo,,invalidez-cf88-original-doenca-catalogada,invalidez-historica-cf88-original-e-ec20,regra-0001 regra-0002 regra-0004,elaboracao,N,
Invalidez · CF/88 original · demais causas · proporcional · paridade,APOSENTADORIA POR INVALIDEZ,,,,,N,,,,S,,,,,,,16/12/1998 00:00,05/10/1988 00:00,"No curso do processo administrativo, ficou demonstrado que o interessado era servidor titular de cargo efetivo e que se encontrava em estado de invalidez permanente, tendo sido igualmente demonstrado que essa invalidez não decorreu de acidente em serviço, de moléstia profissional nem de doença grave, contagiosa ou incurável especificada em lei; a incapacidade permanente e a exclusão das causas qualificadas foram apuradas por junta médica oficial e pela instrução previdenciária do IPERON, mediante laudo médico oficial, prontuários, histórico ocupacional, apuração de eventual acidente e o rol legal vigente, tendo sido exigidas conclusão médica de incapacidade permanente e investigação suficiente das causas qualificadas. Ficou também demonstrado que os requisitos foram integralmente cumpridos até 15/12/1998, véspera da publicação da Emenda Constitucional nº 20/1998.
Esses requisitos se extraem da conjugação de três dispositivos. O art. 40, inciso I, da Constituição Federal em seu texto original determina a aposentadoria por invalidez permanente e atribui proventos proporcionais aos casos que não se enquadram nas três causas qualificadas, sendo dele que se retiram a permanência e o ramo residual proporcional. O art. 40, § 4º, do mesmo texto funda a paridade, ao determinar a revisão dos proventos na mesma proporção e data da remuneração dos servidores em atividade. O art. 3º da Emenda Constitucional nº 20/1998 preserva a concessão, pelos critérios anteriores, a quem cumpriu os requisitos até a publicação da emenda.
Do enquadramento nas demais causas resulta a concessão de proventos proporcionais, mediante aplicação de fração relacionada ao tempo, nos termos do art. 40, inciso I, da Constituição Federal em sua redação original. A base é o vencimento do cargo acrescido da gratificação adicional por tempo e de outras vantagens pecuniárias: no período da Lei Complementar Estadual nº 39/1990, decorre do art. 156; no período da Lei Complementar Estadual nº 68/1992, decorre do art. 236. Permanecem pendentes a medida da fração e a conversão operacional do tempo em cada trecho, sem que esta fundamentação antecipe parâmetro ainda não identificado. A paridade decorre do art. 40, § 4º, da mesma redação e opera como regime de revisão posterior.",,,,AMBOS,N,Valor Efetivo,,invalidez-cf88-original-causa-comum,invalidez-historica-cf88-original-e-ec20,regra-0001 regra-0002 regra-0004,elaboracao,N,
Invalidez · EC 20/1998 · acidente em serviço · integral · paridade,APOSENTADORIA POR INVALIDEZ,,,,,N,,,,S,,,,,,,31/12/2003 00:00,16/12/1998 00:00,,,"No curso do processo administrativo, ficou demonstrado que o interessado era servidor titular de cargo efetivo e que se encontrava em estado de invalidez permanente, apurado por junta médica oficial mediante laudo, e que essa invalidez decorreu de acidente em serviço, cujo nexo com a atividade foi reconhecido a partir da comunicação e da apuração do acidente, dos prontuários e dos assentamentos funcionais. Ficou demonstrado, ainda, que os requisitos estavam integralmente cumpridos entre 16 de dezembro de 1998 e 30 de dezembro de 2003.

A hipótese se extrai da conjugação de quatro dispositivos, e é a articulação entre eles que a completa. O art. 40, § 1º, inciso I, da Constituição Federal, na redação da Emenda Constitucional nº 20/1998, autoriza a aposentadoria por invalidez permanente e, dentro do mesmo inciso, separa dois resultados: reserva os proventos integrais às invalidezes decorrentes de acidente em serviço, moléstia profissional ou doença grave, contagiosa ou incurável especificada em lei, e atribui proventos proporcionais nos demais casos. É por ser o acidente em serviço uma das causas ali qualificadas que esta regra conduz ao resultado integral, e é por isso que a demonstração do nexo com o serviço não é formalidade: dela depende o próprio ramo do cálculo. O art. 40, § 3º, na mesma redação, responde a pergunta que o inciso I não responde — sobre que valor o cálculo incide —, fixando a base na totalidade da remuneração do cargo efetivo; sem ele, ""integral"" diria apenas que não há redução, sem dizer redução de quê. O art. 40, § 8º, na mesma redação, opera depois da concessão e assegura a revisão dos proventos na mesma proporção e na mesma data da remuneração dos servidores em atividade. Por fim, como a concessão pode ocorrer depois de 31 de dezembro de 2003, o art. 3º da Emenda Constitucional nº 41/2003 é o que permite aplicar essa disciplina já alterada: ele assegura a concessão, a qualquer tempo, a quem houver cumprido todos os requisitos até a publicação daquela Emenda, com base nos critérios da legislação então vigente.

Do enquadramento resulta a concessão de proventos integrais, sem redução proporcional ao tempo, calculados sobre a totalidade da remuneração do cargo efetivo, na forma de cálculo vinculada a esta regra e fundada no art. 40, § 3º, na redação da Emenda Constitucional nº 20/1998. A paridade não integra esse cálculo inicial: ela decorre do art. 40, § 8º e opera como regime de revisão posterior dos proventos já concedidos.",,AMBOS,S,Valor Efetivo,,invalidez-ec20-acidente-em-servico,invalidez-historica-cf88-original-e-ec20,regra-0001 regra-0002 regra-0004,elaboracao,N,
Invalidez · EC 20/1998 · moléstia profissional · integral · paridade,APOSENTADORIA POR INVALIDEZ,,,,,N,,,,S,,,,,,,31/12/2003 00:00,16/12/1998 00:00,,,"Aplicável quando a incapacidade permanente decorre de moléstia profissional, com nexo ocupacional reconhecido, conforme constatação de junta médica oficial e instrução previdenciária do IPERON no instrução e seleção da regra, mediante laudo médico oficial, histórico ocupacional, prontuários, laudo ambiental e assentamentos funcionais (conclusão médica de incapacidade permanente e prova suficiente do nexo ocupacional).",,AMBOS,S,Valor Efetivo,,invalidez-ec20-molestia-profissional,invalidez-historica-cf88-original-e-ec20,regra-0001 regra-0002 regra-0004,elaboracao,N,
Invalidez · EC 20/1998 · doença grave catalogada · integral · paridade,APOSENTADORIA POR INVALIDEZ,,,,,N,,,,S,,,,,,,31/12/2003 00:00,16/12/1998 00:00,,,"Aplicável quando a incapacidade permanente decorre de doença grave, contagiosa ou incurável incluída no rol legal vigente na data do direito, conforme constatação de junta médica oficial e instrução previdenciária do IPERON no instrução e seleção da regra, mediante laudo médico oficial, exames, prontuários e texto legal do rol vigente na data do direito (diagnóstico confirmado, incapacidade permanente e correspondência expressa com o rol legal temporalmente aplicável).",,AMBOS,S,Valor Efetivo,,invalidez-ec20-doenca-catalogada,invalidez-historica-cf88-original-e-ec20,regra-0001 regra-0002 regra-0004,elaboracao,N,
Invalidez · EC 20/1998 · demais causas · proporcional · paridade,APOSENTADORIA POR INVALIDEZ,,,,,N,,,,S,,,,,,,31/12/2003 00:00,16/12/1998 00:00,"Aplicável quando a incapacidade permanente não decorre de acidente em serviço, moléstia profissional nem doença catalogada na norma aplicável, conforme constatação de junta médica oficial e instrução previdenciária do IPERON no instrução e seleção da regra, mediante laudo médico oficial, prontuários, histórico ocupacional, apuração de eventual acidente e rol legal vigente (incapacidade permanente comprovada e investigação suficiente das causas qualificadas; silêncio ou prova insuficiente não bastam).",,,,AMBOS,N,Valor Efetivo,,invalidez-ec20-causa-comum,invalidez-historica-cf88-original-e-ec20,regra-0001 regra-0002 regra-0004,elaboracao,N,
Invalidez · EC 41 · antes da MP 167 · acidente em serviço · remuneração do cargo · sem paridade,APOSENTADORIA POR INVALIDEZ,,,,,N,,,,N,,,,,,,20/02/2004 00:00,31/12/2003 00:00,,,"Aplicável quando a incapacidade permanente decorre de acidente em serviço, com nexo causal reconhecido, conforme constatação de junta médica oficial e instrução previdenciária do IPERON no instrução e seleção da regra, mediante laudo médico oficial, apuração do acidente e assentamentos funcionais (incapacidade permanente e nexo reconhecido com o serviço).",,AMBOS,S,Valor Efetivo,,invalidez-ec41-geral-pre-mp167-acidente-em-servico,invalidez-ec41-regra-geral,regra-0006 regra-0007,elaboracao,N,
Invalidez · EC 41 · antes da MP 167 · moléstia profissional · remuneração do cargo · sem paridade,APOSENTADORIA POR INVALIDEZ,,,,,N,,,,N,,,,,,,20/02/2004 00:00,31/12/2003 00:00,,,"Aplicável quando a incapacidade permanente decorre de moléstia profissional com nexo ocupacional, conforme constatação de junta médica oficial e instrução previdenciária do IPERON no instrução e seleção da regra, mediante laudo médico, histórico ocupacional e apuração administrativa do nexo (incapacidade permanente e conclusão fundamentada sobre o nexo profissional).",,AMBOS,S,Valor Efetivo,,invalidez-ec41-geral-pre-mp167-molestia-profissional,invalidez-ec41-regra-geral,regra-0006 regra-0007,elaboracao,N,
Invalidez · EC 41 · antes da MP 167 · doença catalogada · remuneração do cargo · sem paridade,APOSENTADORIA POR INVALIDEZ,,,,,N,,,,N,,,,,,,20/02/2004 00:00,31/12/2003 00:00,,,"Aplicável quando a incapacidade permanente decorre de doença grave catalogada na norma aplicável, conforme constatação de junta médica oficial e instrução previdenciária do IPERON no instrução e seleção da regra, mediante laudo médico, exames, prontuários e rol legal temporalmente aplicável (incapacidade permanente, diagnóstico e correspondência com o rol legal).",,AMBOS,S,Valor Efetivo,,invalidez-ec41-geral-pre-mp167-doenca-catalogada,invalidez-ec41-regra-geral,regra-0006 regra-0007,elaboracao,N,
Invalidez · EC 41 · antes da MP 167 · demais causas · remuneração proporcional por anos · sem paridade,APOSENTADORIA POR INVALIDEZ,,,,,N,,,,N,,,,,,,20/02/2004 00:00,31/12/2003 00:00,"Aplicável quando a incapacidade permanente não decorre de nenhuma causa qualificada, conforme constatação de junta médica oficial e instrução previdenciária do IPERON no instrução e seleção da regra, mediante laudo médico, histórico ocupacional, apuração de acidente e rol legal (incapacidade permanente e exclusão probatória das causas qualificadas).",,,,AMBOS,N,Valor Efetivo,,invalidez-ec41-geral-pre-mp167-causa-comum,invalidez-ec41-regra-geral,regra-0006 regra-0007,elaboracao,N,
Invalidez · EC 41/2003 · desde MP 167 · acidente em serviço · média sem proporcionalização · sem paridade,APOSENTADORIA POR INVALIDEZ,,,,,N,,,,N,,,,,,,01/01/2025 00:00,20/02/2004 00:00,,,"Aplicável quando a incapacidade permanente decorre de acidente em serviço, com nexo causal reconhecido, conforme constatação de junta médica oficial e instrução previdenciária do IPERON no instrução e seleção da regra, mediante laudo médico oficial, comunicação e apuração do acidente, prontuários e assentamentos funcionais (incapacidade permanente comprovada e ato ou conjunto probatório que reconheça o nexo com o serviço).",,AMBOS,S,Valor Médio,,invalidez-ec41-geral-acidente-em-servico,invalidez-ec41-regra-geral,regra-0006 regra-0007,elaboracao,N,
Invalidez · EC 41/2003 · desde MP 167 · moléstia profissional · média sem proporcionalização · sem paridade,APOSENTADORIA POR INVALIDEZ,,,,,N,,,,N,,,,,,,01/01/2025 00:00,20/02/2004 00:00,,,"Aplicável quando a incapacidade permanente decorre de moléstia profissional, com nexo entre a patologia e a atividade funcional, conforme constatação de junta médica oficial e instrução previdenciária do IPERON no instrução e seleção da regra, mediante laudo médico oficial, histórico ocupacional, prontuários, documentos ambientais e assentamentos funcionais (incapacidade permanente comprovada e conclusão fundamentada sobre o nexo profissional).",,AMBOS,S,Valor Médio,,invalidez-ec41-geral-molestia-profissional,invalidez-ec41-regra-geral,regra-0006 regra-0007,elaboracao,N,
Invalidez · EC 41/2003 · desde MP 167 · doença catalogada · média sem proporcionalização · sem paridade,APOSENTADORIA POR INVALIDEZ,,,,,N,,,,N,,,,,,,01/01/2025 00:00,20/02/2004 00:00,,,"Aplicável quando a incapacidade permanente decorre de doença grave, contagiosa ou incurável incluída no rol vigente na data de implementação dos requisitos, conforme constatação de junta médica oficial e instrução previdenciária do IPERON no instrução e seleção da regra, mediante laudo médico oficial, prontuários e versão vigente do rol legal de doenças (incapacidade permanente, diagnóstico e correspondência com o rol aplicável ao marco temporal do direito).",,AMBOS,S,Valor Médio,,invalidez-ec41-geral-doenca-catalogada,invalidez-ec41-regra-geral,regra-0006 regra-0007,elaboracao,N,
Invalidez · EC 41 · média federal e LC 228 · demais causas · proporcional por anos · sem paridade,APOSENTADORIA POR INVALIDEZ,,,,,N,,,,N,,,,,,,13/03/2008 00:00,20/02/2004 00:00,"Aplicável quando a incapacidade permanente não decorre de nenhuma causa qualificada, conforme constatação de junta médica oficial e instrução previdenciária do IPERON no instrução e seleção da regra, mediante laudo médico, histórico ocupacional, apuração de acidente e rol legal (incapacidade permanente e exclusão probatória das causas qualificadas).",,,,AMBOS,N,Valor Médio,,invalidez-ec41-geral-media-lc228-causa-comum,invalidez-ec41-regra-geral,regra-0006 regra-0007,elaboracao,N,
Invalidez · EC 41/2003 · LCE 432 · demais causas · média proporcional em dias · sem paridade,APOSENTADORIA POR INVALIDEZ,,,,,N,,,,N,,,,,,,01/01/2025 00:00,13/03/2008 00:00,"Aplicável quando a incapacidade permanente não decorre de acidente em serviço, moléstia profissional nem doença grave catalogada na norma aplicável, conforme constatação de junta médica oficial e instrução previdenciária do IPERON no instrução e seleção da regra, mediante laudo médico oficial, prontuários, histórico ocupacional, apuração de eventual acidente e rol legal vigente (incapacidade permanente comprovada e investigação suficiente das causas qualificadas; silêncio ou prova insuficiente não bastam).",,,,AMBOS,N,Proporcionalidade Dias,,invalidez-ec41-geral-causa-comum,invalidez-ec41-regra-geral,regra-0006 regra-0007,elaboracao,N,
Invalidez · EC 70/2012 · art. 6º-A · acidente em serviço · integral · paridade,APOSENTADORIA POR INVALIDEZ,,,,,N,,,,S,,,,,31/12/2003 00:00,,01/01/2025 00:00,31/12/2003 00:00,,,"Aplicável quando a incapacidade permanente decorre de acidente em serviço, com nexo causal reconhecido, conforme constatação de junta médica oficial e instrução previdenciária do IPERON no instrução e seleção da regra, mediante laudo médico oficial, comunicação e apuração do acidente, prontuários e assentamentos funcionais (incapacidade permanente comprovada e ato ou conjunto probatório que reconheça o nexo com o serviço).",,AMBOS,S,Valor Efetivo,,invalidez-ec70-art-6a-acidente-em-servico,invalidez-ec70-art-6a,regra-0008 regra-0009,elaboracao,N,
Invalidez · EC 70/2012 · art. 6º-A · moléstia profissional · integral · paridade,APOSENTADORIA POR INVALIDEZ,,,,,N,,,,S,,,,,31/12/2003 00:00,,01/01/2025 00:00,31/12/2003 00:00,,,"Aplicável quando a incapacidade permanente decorre de moléstia profissional, com nexo entre a patologia e a atividade funcional, conforme constatação de junta médica oficial e instrução previdenciária do IPERON no instrução e seleção da regra, mediante laudo médico oficial, histórico ocupacional, prontuários, documentos ambientais e assentamentos funcionais (incapacidade permanente comprovada e conclusão fundamentada sobre o nexo profissional).",,AMBOS,S,Valor Efetivo,,invalidez-ec70-art-6a-molestia-profissional,invalidez-ec70-art-6a,regra-0008 regra-0009,elaboracao,N,
Invalidez · EC 70/2012 · art. 6º-A · doença grave catalogada · integral · paridade,APOSENTADORIA POR INVALIDEZ,,,,,N,,,,S,,,,,31/12/2003 00:00,,01/01/2025 00:00,31/12/2003 00:00,,,"Aplicável quando a incapacidade permanente decorre de doença grave, contagiosa ou incurável incluída no rol vigente na data de implementação dos requisitos, conforme constatação de junta médica oficial e instrução previdenciária do IPERON no instrução e seleção da regra, mediante laudo médico oficial, prontuários e versão vigente do rol legal de doenças (incapacidade permanente, diagnóstico e correspondência com o rol aplicável ao marco temporal do direito).",,AMBOS,S,Valor Efetivo,,invalidez-ec70-art-6a-doenca-catalogada,invalidez-ec70-art-6a,regra-0008 regra-0009,elaboracao,N,
Invalidez · EC 70 · art. 6º-A · LC 228 · demais causas · remuneração proporcional por anos · paridade,APOSENTADORIA POR INVALIDEZ,,,,,N,,,,S,,,,,31/12/2003 00:00,,13/03/2008 00:00,31/12/2003 00:00,"Aplicável quando a incapacidade permanente não decorre de nenhuma causa qualificada, conforme constatação de junta médica oficial e instrução previdenciária do IPERON no instrução e seleção da regra, mediante laudo médico, histórico ocupacional, apuração de acidente e rol legal (incapacidade permanente e exclusão probatória das causas qualificadas).",,,,AMBOS,N,Valor Efetivo,,invalidez-ec70-art-6a-lc228-causa-comum,invalidez-ec70-art-6a,regra-0008 regra-0009,elaboracao,N,
Invalidez · EC 70 · art. 6º-A · LCE 432 · demais causas · remuneração proporcional em dias · paridade,APOSENTADORIA POR INVALIDEZ,,,,,N,,,,S,,,,,31/12/2003 00:00,,01/01/2025 00:00,13/03/2008 00:00,"Aplicável quando a incapacidade permanente não decorre de acidente em serviço, moléstia profissional nem doença grave catalogada na norma aplicável, conforme constatação de junta médica oficial e instrução previdenciária do IPERON no instrução e seleção da regra, mediante laudo médico oficial, prontuários, histórico ocupacional, apuração de eventual acidente e rol legal vigente (incapacidade permanente comprovada e investigação suficiente das causas qualificadas; silêncio ou prova insuficiente não bastam).",,,,AMBOS,N,Proporcionalidade Dias,,invalidez-ec70-art-6a-causa-comum,invalidez-ec70-art-6a,regra-0008 regra-0009,elaboracao,N,
Incapacidade permanente · LCE 1.100 · ingresso até 2003 · acidente em serviço · média integral · paridade,APOSENTADORIA POR INVALIDEZ,,,,,N,,,,S,,,,,31/12/2003 00:00,,,18/10/2021 00:00,,,"No curso do processo administrativo, ficou demonstrado que o interessado era servidor titular de cargo efetivo e que se encontrava em estado de incapacidade permanente para o trabalho, apurada por junta médica oficial mediante laudo, e que essa incapacidade decorreu de acidente em serviço, cujo nexo com a atividade foi reconhecido a partir da comunicação e da apuração do acidente, dos prontuários e dos assentamentos funcionais. Ficou demonstrado, por fim, que o ingresso no serviço público em cargo efetivo se deu até 31 de dezembro de 2003 e que os requisitos foram implementados a partir de 18 de outubro de 2021.

A hipótese se extrai da conjugação dos dispositivos, e é a articulação entre eles que a completa. O art. 40, § 1º, inciso I, da Constituição Federal, na redação da Emenda Constitucional nº 103/2019, funda a aposentadoria por incapacidade permanente para o trabalho. O art. 30, caput, da Lei Complementar Estadual nº 1.100/2021 estabelece que essa aposentadoria é proporcional ao tempo de contribuição, mas excetua da proporcionalização a incapacidade decorrente de acidente em serviço, moléstia profissional ou doença grave, contagiosa ou incurável. O acidente em serviço é uma dessas causas, e o § 5º do art. 30 é que o define, de modo que o reconhecimento do nexo não é formalidade: dele depende o próprio ramo do cálculo. É essa qualificação que afasta a fração: sem ela, o mesmo grau de incapacidade levaria a provento reduzido. O § 13 do mesmo artigo fecha o cálculo, mandando apurá-lo na forma do art. 24 — que disciplina sobre que valor o benefício incide — e ressalvando o direito adquirido a outra fórmula, o que preserva quem já reunia requisitos sob disciplina anterior.

Do enquadramento resulta a concessão de proventos calculados sobre a média disciplinada no art. 24 da Lei Complementar Estadual nº 1.100/2021, sem redução proporcional ao tempo de contribuição, na forma de cálculo vinculada a esta regra. Após a concessão, os proventos são reajustados com paridade, na forma do art. 27, inciso I, da mesma Lei Complementar, que remete ao art. 7º da Emenda Constitucional nº 41/2003 para quem ingressou em cargo efetivo até 31 de dezembro de 2003. A paridade é regime de revisão posterior e não integra o cálculo inicial.",,AMBOS,S,Valor Médio,,incapacidade-lce1100-ate-2003-acidente-em-servico,incapacidade-lce1100-ingresso-ate-2003,regra-0019 regra-0020,elaboracao,N,
Incapacidade permanente · LCE 1.100 · ingresso até 2003 · moléstia profissional · média integral · paridade,APOSENTADORIA POR INVALIDEZ,,,,,N,,,,S,,,,,31/12/2003 00:00,,,18/10/2021 00:00,,,"No curso do processo administrativo, ficou demonstrado que o interessado era servidor titular de cargo efetivo e que se encontrava em estado de incapacidade permanente para o trabalho, apurada por junta médica oficial mediante laudo, e que essa incapacidade decorreu de moléstia profissional, com nexo entre a doença e as condições de exercício do cargo reconhecido a partir do histórico ocupacional e da avaliação médica oficial. Ficou demonstrado, por fim, que o ingresso no serviço público em cargo efetivo se deu até 31 de dezembro de 2003 e que os requisitos foram implementados a partir de 18 de outubro de 2021.

A hipótese se extrai da conjugação dos dispositivos, e é a articulação entre eles que a completa. O art. 40, § 1º, inciso I, da Constituição Federal, na redação da Emenda Constitucional nº 103/2019, funda a aposentadoria por incapacidade permanente para o trabalho. O art. 30, caput, da Lei Complementar Estadual nº 1.100/2021 estabelece que essa aposentadoria é proporcional ao tempo de contribuição, mas excetua da proporcionalização a incapacidade decorrente de acidente em serviço, moléstia profissional ou doença grave, contagiosa ou incurável. A moléstia profissional é uma dessas causas, e o que a caracteriza é o nexo entre a doença e as condições de exercício do cargo, de modo que a apuração desse nexo não é formalidade: dela depende o próprio ramo do cálculo. É essa qualificação que afasta a fração: sem ela, o mesmo grau de incapacidade levaria a provento reduzido. O § 13 do mesmo artigo fecha o cálculo, mandando apurá-lo na forma do art. 24 — que disciplina sobre que valor o benefício incide — e ressalvando o direito adquirido a outra fórmula, o que preserva quem já reunia requisitos sob disciplina anterior.

Do enquadramento resulta a concessão de proventos calculados sobre a média disciplinada no art. 24 da Lei Complementar Estadual nº 1.100/2021, sem redução proporcional ao tempo de contribuição, na forma de cálculo vinculada a esta regra. Após a concessão, os proventos são reajustados com paridade, na forma do art. 27, inciso I, da mesma Lei Complementar, que remete ao art. 7º da Emenda Constitucional nº 41/2003 para quem ingressou em cargo efetivo até 31 de dezembro de 2003. A paridade é regime de revisão posterior e não integra o cálculo inicial.",,AMBOS,S,Valor Médio,,incapacidade-lce1100-ate-2003-molestia-profissional,incapacidade-lce1100-ingresso-ate-2003,regra-0019 regra-0020,elaboracao,N,
Incapacidade permanente · LCE 1.100 · ingresso até 2003 · tuberculose ativa · média integral · paridade S,APOSENTADORIA POR INVALIDEZ,,,,,N,,,,S,,,,,31/12/2003 00:00,,,18/10/2021 00:00,,,"No curso do processo administrativo, ficou demonstrado que o interessado era servidor titular de cargo efetivo e que se encontrava em estado de incapacidade permanente para o trabalho, decorrente de tuberculose ativa, cujo diagnóstico foi confirmado por junta médica oficial mediante laudo, exames e prontuários, e cotejado com o rol legal em vigor. Ficou demonstrado que o interessado foi acometido da doença depois de sua filiação ao regime próprio de previdência de Rondônia, requisito que o próprio parágrafo impõe a todas as moléstias que relaciona. Ficou demonstrado, por fim, que o ingresso no serviço público em cargo efetivo se deu até 31 de dezembro de 2003 e que os requisitos foram implementados a partir de 18 de outubro de 2021.

A hipótese se extrai da conjugação dos dispositivos, e é a articulação entre eles que a completa. O art. 40, § 1º, inciso I, da Constituição Federal, na redação da Emenda Constitucional nº 103/2019, funda a aposentadoria por incapacidade permanente para o trabalho. O art. 30, caput, da Lei Complementar Estadual nº 1.100/2021 estabelece que essa aposentadoria é proporcional ao tempo de contribuição, mas excetua da proporcionalização a incapacidade decorrente de doença grave, contagiosa ou incurável — de modo que o enquadramento da moléstia não é detalhe classificatório: dele depende haver ou não redução no provento. Qual seja essa doença o caput não diz, e é o § 8º do mesmo artigo que fecha a hipótese, relacionando as moléstias assim consideradas e exigindo que o segurado tenha sido acometido após a filiação. É o art. 30, § 8º, inciso I que nomeia tuberculose ativa, e é por essa via — e não por avaliação de gravidade caso a caso — que a moléstia produz o resultado sem proporcionalização. O § 13 do art. 30 remete as causas qualificadas à média do art. 24, que disciplina sobre que valor o cálculo incide.

Do enquadramento resulta a concessão de proventos calculados sobre a média disciplinada no art. 24 da Lei Complementar Estadual nº 1.100/2021, sem redução proporcional ao tempo de contribuição, na forma de cálculo vinculada a esta regra. Após a concessão, os proventos são reajustados com paridade, na forma do art. 27, inciso I, da mesma Lei Complementar, que remete ao art. 7º da Emenda Constitucional nº 41/2003 para quem ingressou em cargo efetivo até 31 de dezembro de 2003. A paridade é regime de revisão posterior e não integra o cálculo inicial.",,AMBOS,S,Valor Médio,,incapacidade-lce1100-ate-2003-doenca-tuberculose-ativa,incapacidade-lce1100-ingresso-ate-2003,regra-0019 regra-0020,elaboracao,N,
Incapacidade permanente · LCE 1.100 · ingresso até 2003 · hanseníase · média integral · paridade S,APOSENTADORIA POR INVALIDEZ,,,,,N,,,,S,,,,,31/12/2003 00:00,,,18/10/2021 00:00,,,"No curso do processo administrativo, ficou demonstrado que o interessado era servidor titular de cargo efetivo e que se encontrava em estado de incapacidade permanente para o trabalho, decorrente de hanseníase, cujo diagnóstico foi confirmado por junta médica oficial mediante laudo, exames e prontuários, e cotejado com o rol legal em vigor. Ficou demonstrado que o interessado foi acometido da doença depois de sua filiação ao regime próprio de previdência de Rondônia, requisito que o próprio parágrafo impõe a todas as moléstias que relaciona. Ficou demonstrado, por fim, que o ingresso no serviço público em cargo efetivo se deu até 31 de dezembro de 2003 e que os requisitos foram implementados a partir de 18 de outubro de 2021.

A hipótese se extrai da conjugação dos dispositivos, e é a articulação entre eles que a completa. O art. 40, § 1º, inciso I, da Constituição Federal, na redação da Emenda Constitucional nº 103/2019, funda a aposentadoria por incapacidade permanente para o trabalho. O art. 30, caput, da Lei Complementar Estadual nº 1.100/2021 estabelece que essa aposentadoria é proporcional ao tempo de contribuição, mas excetua da proporcionalização a incapacidade decorrente de doença grave, contagiosa ou incurável — de modo que o enquadramento da moléstia não é detalhe classificatório: dele depende haver ou não redução no provento. Qual seja essa doença o caput não diz, e é o § 8º do mesmo artigo que fecha a hipótese, relacionando as moléstias assim consideradas e exigindo que o segurado tenha sido acometido após a filiação. É o art. 30, § 8º, inciso II que nomeia hanseníase, e é por essa via — e não por avaliação de gravidade caso a caso — que a moléstia produz o resultado sem proporcionalização. O § 13 do art. 30 remete as causas qualificadas à média do art. 24, que disciplina sobre que valor o cálculo incide.

Do enquadramento resulta a concessão de proventos calculados sobre a média disciplinada no art. 24 da Lei Complementar Estadual nº 1.100/2021, sem redução proporcional ao tempo de contribuição, na forma de cálculo vinculada a esta regra. Após a concessão, os proventos são reajustados com paridade, na forma do art. 27, inciso I, da mesma Lei Complementar, que remete ao art. 7º da Emenda Constitucional nº 41/2003 para quem ingressou em cargo efetivo até 31 de dezembro de 2003. A paridade é regime de revisão posterior e não integra o cálculo inicial.",,AMBOS,S,Valor Médio,,incapacidade-lce1100-ate-2003-doenca-hanseniase,incapacidade-lce1100-ingresso-ate-2003,regra-0019 regra-0020,elaboracao,N,
Incapacidade permanente · LCE 1.100 · ingresso até 2003 · alienação mental · média integral · paridade S,APOSENTADORIA POR INVALIDEZ,,,,,N,,,,S,,,,,31/12/2003 00:00,,,18/10/2021 00:00,,,"No curso do processo administrativo, ficou demonstrado que o interessado era servidor titular de cargo efetivo e que se encontrava em estado de incapacidade permanente para o trabalho, decorrente de alienação mental, cujo diagnóstico foi confirmado por junta médica oficial mediante laudo, exames e prontuários, e cotejado com o rol legal em vigor. Ficou demonstrado que o interessado foi acometido da doença depois de sua filiação ao regime próprio de previdência de Rondônia, requisito que o próprio parágrafo impõe a todas as moléstias que relaciona. Ficou demonstrado, por fim, que o ingresso no serviço público em cargo efetivo se deu até 31 de dezembro de 2003 e que os requisitos foram implementados a partir de 18 de outubro de 2021.

A hipótese se extrai da conjugação dos dispositivos, e é a articulação entre eles que a completa. O art. 40, § 1º, inciso I, da Constituição Federal, na redação da Emenda Constitucional nº 103/2019, funda a aposentadoria por incapacidade permanente para o trabalho. O art. 30, caput, da Lei Complementar Estadual nº 1.100/2021 estabelece que essa aposentadoria é proporcional ao tempo de contribuição, mas excetua da proporcionalização a incapacidade decorrente de doença grave, contagiosa ou incurável — de modo que o enquadramento da moléstia não é detalhe classificatório: dele depende haver ou não redução no provento. Qual seja essa doença o caput não diz, e é o § 8º do mesmo artigo que fecha a hipótese, relacionando as moléstias assim consideradas e exigindo que o segurado tenha sido acometido após a filiação. É o art. 30, § 8º, inciso III que nomeia alienação mental, e é por essa via — e não por avaliação de gravidade caso a caso — que a moléstia produz o resultado sem proporcionalização. O § 13 do art. 30 remete as causas qualificadas à média do art. 24, que disciplina sobre que valor o cálculo incide.

Do enquadramento resulta a concessão de proventos calculados sobre a média disciplinada no art. 24 da Lei Complementar Estadual nº 1.100/2021, sem redução proporcional ao tempo de contribuição, na forma de cálculo vinculada a esta regra. Após a concessão, os proventos são reajustados com paridade, na forma do art. 27, inciso I, da mesma Lei Complementar, que remete ao art. 7º da Emenda Constitucional nº 41/2003 para quem ingressou em cargo efetivo até 31 de dezembro de 2003. A paridade é regime de revisão posterior e não integra o cálculo inicial.",,AMBOS,S,Valor Médio,,incapacidade-lce1100-ate-2003-doenca-alienacao-mental,incapacidade-lce1100-ingresso-ate-2003,regra-0019 regra-0020,elaboracao,N,
Incapacidade permanente · LCE 1.100 · ingresso até 2003 · neoplasia maligna · média integral · paridade S,APOSENTADORIA POR INVALIDEZ,,,,,N,,,,S,,,,,31/12/2003 00:00,,,18/10/2021 00:00,,,"No curso do processo administrativo, ficou demonstrado que o interessado era servidor titular de cargo efetivo e que se encontrava em estado de incapacidade permanente para o trabalho, decorrente de neoplasia maligna, cujo diagnóstico foi confirmado por junta médica oficial mediante laudo, exames e prontuários, e cotejado com o rol legal em vigor. Ficou demonstrado que o interessado foi acometido da doença depois de sua filiação ao regime próprio de previdência de Rondônia, requisito que o próprio parágrafo impõe a todas as moléstias que relaciona. Ficou demonstrado, por fim, que o ingresso no serviço público em cargo efetivo se deu até 31 de dezembro de 2003 e que os requisitos foram implementados a partir de 18 de outubro de 2021.

A hipótese se extrai da conjugação dos dispositivos, e é a articulação entre eles que a completa. O art. 40, § 1º, inciso I, da Constituição Federal, na redação da Emenda Constitucional nº 103/2019, funda a aposentadoria por incapacidade permanente para o trabalho. O art. 30, caput, da Lei Complementar Estadual nº 1.100/2021 estabelece que essa aposentadoria é proporcional ao tempo de contribuição, mas excetua da proporcionalização a incapacidade decorrente de doença grave, contagiosa ou incurável — de modo que o enquadramento da moléstia não é detalhe classificatório: dele depende haver ou não redução no provento. Qual seja essa doença o caput não diz, e é o § 8º do mesmo artigo que fecha a hipótese, relacionando as moléstias assim consideradas e exigindo que o segurado tenha sido acometido após a filiação. É o art. 30, § 8º, inciso IV que nomeia neoplasia maligna, e é por essa via — e não por avaliação de gravidade caso a caso — que a moléstia produz o resultado sem proporcionalização. O § 13 do art. 30 remete as causas qualificadas à média do art. 24, que disciplina sobre que valor o cálculo incide.

Do enquadramento resulta a concessão de proventos calculados sobre a média disciplinada no art. 24 da Lei Complementar Estadual nº 1.100/2021, sem redução proporcional ao tempo de contribuição, na forma de cálculo vinculada a esta regra. Após a concessão, os proventos são reajustados com paridade, na forma do art. 27, inciso I, da mesma Lei Complementar, que remete ao art. 7º da Emenda Constitucional nº 41/2003 para quem ingressou em cargo efetivo até 31 de dezembro de 2003. A paridade é regime de revisão posterior e não integra o cálculo inicial.",,AMBOS,S,Valor Médio,,incapacidade-lce1100-ate-2003-doenca-neoplasia-maligna,incapacidade-lce1100-ingresso-ate-2003,regra-0019 regra-0020,elaboracao,N,
Incapacidade permanente · LCE 1.100 · ingresso até 2003 · cegueira bilateral · média integral · paridade S,APOSENTADORIA POR INVALIDEZ,,,,,N,,,,S,,,,,31/12/2003 00:00,,,18/10/2021 00:00,,,"No curso do processo administrativo, ficou demonstrado que o interessado era servidor titular de cargo efetivo e que se encontrava em estado de incapacidade permanente para o trabalho, decorrente de cegueira bilateral, cujo diagnóstico foi confirmado por junta médica oficial mediante laudo, exames e prontuários, e cotejado com o rol legal em vigor. Ficou demonstrado que o interessado foi acometido da doença depois de sua filiação ao regime próprio de previdência de Rondônia, requisito que o próprio parágrafo impõe a todas as moléstias que relaciona. Ficou demonstrado, por fim, que o ingresso no serviço público em cargo efetivo se deu até 31 de dezembro de 2003 e que os requisitos foram implementados a partir de 18 de outubro de 2021.

A hipótese se extrai da conjugação dos dispositivos, e é a articulação entre eles que a completa. O art. 40, § 1º, inciso I, da Constituição Federal, na redação da Emenda Constitucional nº 103/2019, funda a aposentadoria por incapacidade permanente para o trabalho. O art. 30, caput, da Lei Complementar Estadual nº 1.100/2021 estabelece que essa aposentadoria é proporcional ao tempo de contribuição, mas excetua da proporcionalização a incapacidade decorrente de doença grave, contagiosa ou incurável — de modo que o enquadramento da moléstia não é detalhe classificatório: dele depende haver ou não redução no provento. Qual seja essa doença o caput não diz, e é o § 8º do mesmo artigo que fecha a hipótese, relacionando as moléstias assim consideradas e exigindo que o segurado tenha sido acometido após a filiação. É o art. 30, § 8º, inciso V que nomeia cegueira bilateral, e é por essa via — e não por avaliação de gravidade caso a caso — que a moléstia produz o resultado sem proporcionalização. O § 13 do art. 30 remete as causas qualificadas à média do art. 24, que disciplina sobre que valor o cálculo incide.

Do enquadramento resulta a concessão de proventos calculados sobre a média disciplinada no art. 24 da Lei Complementar Estadual nº 1.100/2021, sem redução proporcional ao tempo de contribuição, na forma de cálculo vinculada a esta regra. Após a concessão, os proventos são reajustados com paridade, na forma do art. 27, inciso I, da mesma Lei Complementar, que remete ao art. 7º da Emenda Constitucional nº 41/2003 para quem ingressou em cargo efetivo até 31 de dezembro de 2003. A paridade é regime de revisão posterior e não integra o cálculo inicial.",,AMBOS,S,Valor Médio,,incapacidade-lce1100-ate-2003-doenca-cegueira-bilateral,incapacidade-lce1100-ingresso-ate-2003,regra-0019 regra-0020,elaboracao,N,
Incapacidade permanente · LCE 1.100 · ingresso até 2003 · paralisia irreversível e incapacitante · média integral · paridade S,APOSENTADORIA POR INVALIDEZ,,,,,N,,,,S,,,,,31/12/2003 00:00,,,18/10/2021 00:00,,,"No curso do processo administrativo, ficou demonstrado que o interessado era servidor titular de cargo efetivo e que se encontrava em estado de incapacidade permanente para o trabalho, decorrente de paralisia irreversível e incapacitante, cujo diagnóstico foi confirmado por junta médica oficial mediante laudo, exames e prontuários, e cotejado com o rol legal em vigor. Ficou demonstrado que o interessado foi acometido da doença depois de sua filiação ao regime próprio de previdência de Rondônia, requisito que o próprio parágrafo impõe a todas as moléstias que relaciona. Ficou demonstrado, por fim, que o ingresso no serviço público em cargo efetivo se deu até 31 de dezembro de 2003 e que os requisitos foram implementados a partir de 18 de outubro de 2021.

A hipótese se extrai da conjugação dos dispositivos, e é a articulação entre eles que a completa. O art. 40, § 1º, inciso I, da Constituição Federal, na redação da Emenda Constitucional nº 103/2019, funda a aposentadoria por incapacidade permanente para o trabalho. O art. 30, caput, da Lei Complementar Estadual nº 1.100/2021 estabelece que essa aposentadoria é proporcional ao tempo de contribuição, mas excetua da proporcionalização a incapacidade decorrente de doença grave, contagiosa ou incurável — de modo que o enquadramento da moléstia não é detalhe classificatório: dele depende haver ou não redução no provento. Qual seja essa doença o caput não diz, e é o § 8º do mesmo artigo que fecha a hipótese, relacionando as moléstias assim consideradas e exigindo que o segurado tenha sido acometido após a filiação. É o art. 30, § 8º, inciso VI que nomeia paralisia irreversível e incapacitante, e é por essa via — e não por avaliação de gravidade caso a caso — que a moléstia produz o resultado sem proporcionalização. O § 13 do art. 30 remete as causas qualificadas à média do art. 24, que disciplina sobre que valor o cálculo incide.

Do enquadramento resulta a concessão de proventos calculados sobre a média disciplinada no art. 24 da Lei Complementar Estadual nº 1.100/2021, sem redução proporcional ao tempo de contribuição, na forma de cálculo vinculada a esta regra. Após a concessão, os proventos são reajustados com paridade, na forma do art. 27, inciso I, da mesma Lei Complementar, que remete ao art. 7º da Emenda Constitucional nº 41/2003 para quem ingressou em cargo efetivo até 31 de dezembro de 2003. A paridade é regime de revisão posterior e não integra o cálculo inicial.",,AMBOS,S,Valor Médio,,incapacidade-lce1100-ate-2003-doenca-paralisia-irreversivel,incapacidade-lce1100-ingresso-ate-2003,regra-0019 regra-0020,elaboracao,N,
Incapacidade permanente · LCE 1.100 · ingresso até 2003 · cardiopatia grave · média integral · paridade S,APOSENTADORIA POR INVALIDEZ,,,,,N,,,,S,,,,,31/12/2003 00:00,,,18/10/2021 00:00,,,"No curso do processo administrativo, ficou demonstrado que o interessado era servidor titular de cargo efetivo e que se encontrava em estado de incapacidade permanente para o trabalho, decorrente de cardiopatia grave, cujo diagnóstico foi confirmado por junta médica oficial mediante laudo, exames e prontuários, e cotejado com o rol legal em vigor. Ficou demonstrado que o interessado foi acometido da doença depois de sua filiação ao regime próprio de previdência de Rondônia, requisito que o próprio parágrafo impõe a todas as moléstias que relaciona. Ficou demonstrado, por fim, que o ingresso no serviço público em cargo efetivo se deu até 31 de dezembro de 2003 e que os requisitos foram implementados a partir de 18 de outubro de 2021.

A hipótese se extrai da conjugação dos dispositivos, e é a articulação entre eles que a completa. O art. 40, § 1º, inciso I, da Constituição Federal, na redação da Emenda Constitucional nº 103/2019, funda a aposentadoria por incapacidade permanente para o trabalho. O art. 30, caput, da Lei Complementar Estadual nº 1.100/2021 estabelece que essa aposentadoria é proporcional ao tempo de contribuição, mas excetua da proporcionalização a incapacidade decorrente de doença grave, contagiosa ou incurável — de modo que o enquadramento da moléstia não é detalhe classificatório: dele depende haver ou não redução no provento. Qual seja essa doença o caput não diz, e é o § 8º do mesmo artigo que fecha a hipótese, relacionando as moléstias assim consideradas e exigindo que o segurado tenha sido acometido após a filiação. É o art. 30, § 8º, inciso VII que nomeia cardiopatia grave, e é por essa via — e não por avaliação de gravidade caso a caso — que a moléstia produz o resultado sem proporcionalização. O § 13 do art. 30 remete as causas qualificadas à média do art. 24, que disciplina sobre que valor o cálculo incide.

Do enquadramento resulta a concessão de proventos calculados sobre a média disciplinada no art. 24 da Lei Complementar Estadual nº 1.100/2021, sem redução proporcional ao tempo de contribuição, na forma de cálculo vinculada a esta regra. Após a concessão, os proventos são reajustados com paridade, na forma do art. 27, inciso I, da mesma Lei Complementar, que remete ao art. 7º da Emenda Constitucional nº 41/2003 para quem ingressou em cargo efetivo até 31 de dezembro de 2003. A paridade é regime de revisão posterior e não integra o cálculo inicial.",,AMBOS,S,Valor Médio,,incapacidade-lce1100-ate-2003-doenca-cardiopatia-grave,incapacidade-lce1100-ingresso-ate-2003,regra-0019 regra-0020,elaboracao,N,
Incapacidade permanente · LCE 1.100 · ingresso até 2003 · doença de Parkinson · média integral · paridade S,APOSENTADORIA POR INVALIDEZ,,,,,N,,,,S,,,,,31/12/2003 00:00,,,18/10/2021 00:00,,,"No curso do processo administrativo, ficou demonstrado que o interessado era servidor titular de cargo efetivo e que se encontrava em estado de incapacidade permanente para o trabalho, decorrente de doença de Parkinson, cujo diagnóstico foi confirmado por junta médica oficial mediante laudo, exames e prontuários, e cotejado com o rol legal em vigor. Ficou demonstrado que o interessado foi acometido da doença depois de sua filiação ao regime próprio de previdência de Rondônia, requisito que o próprio parágrafo impõe a todas as moléstias que relaciona. Ficou demonstrado, por fim, que o ingresso no serviço público em cargo efetivo se deu até 31 de dezembro de 2003 e que os requisitos foram implementados a partir de 18 de outubro de 2021.

A hipótese se extrai da conjugação dos dispositivos, e é a articulação entre eles que a completa. O art. 40, § 1º, inciso I, da Constituição Federal, na redação da Emenda Constitucional nº 103/2019, funda a aposentadoria por incapacidade permanente para o trabalho. O art. 30, caput, da Lei Complementar Estadual nº 1.100/2021 estabelece que essa aposentadoria é proporcional ao tempo de contribuição, mas excetua da proporcionalização a incapacidade decorrente de doença grave, contagiosa ou incurável — de modo que o enquadramento da moléstia não é detalhe classificatório: dele depende haver ou não redução no provento. Qual seja essa doença o caput não diz, e é o § 8º do mesmo artigo que fecha a hipótese, relacionando as moléstias assim consideradas e exigindo que o segurado tenha sido acometido após a filiação. É o art. 30, § 8º, inciso VIII que nomeia doença de Parkinson, e é por essa via — e não por avaliação de gravidade caso a caso — que a moléstia produz o resultado sem proporcionalização. O § 13 do art. 30 remete as causas qualificadas à média do art. 24, que disciplina sobre que valor o cálculo incide.

Do enquadramento resulta a concessão de proventos calculados sobre a média disciplinada no art. 24 da Lei Complementar Estadual nº 1.100/2021, sem redução proporcional ao tempo de contribuição, na forma de cálculo vinculada a esta regra. Após a concessão, os proventos são reajustados com paridade, na forma do art. 27, inciso I, da mesma Lei Complementar, que remete ao art. 7º da Emenda Constitucional nº 41/2003 para quem ingressou em cargo efetivo até 31 de dezembro de 2003. A paridade é regime de revisão posterior e não integra o cálculo inicial.",,AMBOS,S,Valor Médio,,incapacidade-lce1100-ate-2003-doenca-doenca-de-parkinson,incapacidade-lce1100-ingresso-ate-2003,regra-0019 regra-0020,elaboracao,N,
Incapacidade permanente · LCE 1.100 · ingresso até 2003 · espondiloartrose anquilosante · média integral · paridade S,APOSENTADORIA POR INVALIDEZ,,,,,N,,,,S,,,,,31/12/2003 00:00,,,18/10/2021 00:00,,,"No curso do processo administrativo, ficou demonstrado que o interessado era servidor titular de cargo efetivo e que se encontrava em estado de incapacidade permanente para o trabalho, decorrente de espondiloartrose anquilosante, cujo diagnóstico foi confirmado por junta médica oficial mediante laudo, exames e prontuários, e cotejado com o rol legal em vigor. Ficou demonstrado que o interessado foi acometido da doença depois de sua filiação ao regime próprio de previdência de Rondônia, requisito que o próprio parágrafo impõe a todas as moléstias que relaciona. Ficou demonstrado, por fim, que o ingresso no serviço público em cargo efetivo se deu até 31 de dezembro de 2003 e que os requisitos foram implementados a partir de 18 de outubro de 2021.

A hipótese se extrai da conjugação dos dispositivos, e é a articulação entre eles que a completa. O art. 40, § 1º, inciso I, da Constituição Federal, na redação da Emenda Constitucional nº 103/2019, funda a aposentadoria por incapacidade permanente para o trabalho. O art. 30, caput, da Lei Complementar Estadual nº 1.100/2021 estabelece que essa aposentadoria é proporcional ao tempo de contribuição, mas excetua da proporcionalização a incapacidade decorrente de doença grave, contagiosa ou incurável — de modo que o enquadramento da moléstia não é detalhe classificatório: dele depende haver ou não redução no provento. Qual seja essa doença o caput não diz, e é o § 8º do mesmo artigo que fecha a hipótese, relacionando as moléstias assim consideradas e exigindo que o segurado tenha sido acometido após a filiação. É o art. 30, § 8º, inciso IX que nomeia espondiloartrose anquilosante, e é por essa via — e não por avaliação de gravidade caso a caso — que a moléstia produz o resultado sem proporcionalização. O § 13 do art. 30 remete as causas qualificadas à média do art. 24, que disciplina sobre que valor o cálculo incide.

Do enquadramento resulta a concessão de proventos calculados sobre a média disciplinada no art. 24 da Lei Complementar Estadual nº 1.100/2021, sem redução proporcional ao tempo de contribuição, na forma de cálculo vinculada a esta regra. Após a concessão, os proventos são reajustados com paridade, na forma do art. 27, inciso I, da mesma Lei Complementar, que remete ao art. 7º da Emenda Constitucional nº 41/2003 para quem ingressou em cargo efetivo até 31 de dezembro de 2003. A paridade é regime de revisão posterior e não integra o cálculo inicial.",,AMBOS,S,Valor Médio,,incapacidade-lce1100-ate-2003-doenca-espondiloartrose-anquilosante,incapacidade-lce1100-ingresso-ate-2003,regra-0019 regra-0020,elaboracao,N,
Incapacidade permanente · LCE 1.100 · ingresso até 2003 · nefropatia grave · média integral · paridade S,APOSENTADORIA POR INVALIDEZ,,,,,N,,,,S,,,,,31/12/2003 00:00,,,18/10/2021 00:00,,,"No curso do processo administrativo, ficou demonstrado que o interessado era servidor titular de cargo efetivo e que se encontrava em estado de incapacidade permanente para o trabalho, decorrente de nefropatia grave, cujo diagnóstico foi confirmado por junta médica oficial mediante laudo, exames e prontuários, e cotejado com o rol legal em vigor. Ficou demonstrado que o interessado foi acometido da doença depois de sua filiação ao regime próprio de previdência de Rondônia, requisito que o próprio parágrafo impõe a todas as moléstias que relaciona. Ficou demonstrado, por fim, que o ingresso no serviço público em cargo efetivo se deu até 31 de dezembro de 2003 e que os requisitos foram implementados a partir de 18 de outubro de 2021.

A hipótese se extrai da conjugação dos dispositivos, e é a articulação entre eles que a completa. O art. 40, § 1º, inciso I, da Constituição Federal, na redação da Emenda Constitucional nº 103/2019, funda a aposentadoria por incapacidade permanente para o trabalho. O art. 30, caput, da Lei Complementar Estadual nº 1.100/2021 estabelece que essa aposentadoria é proporcional ao tempo de contribuição, mas excetua da proporcionalização a incapacidade decorrente de doença grave, contagiosa ou incurável — de modo que o enquadramento da moléstia não é detalhe classificatório: dele depende haver ou não redução no provento. Qual seja essa doença o caput não diz, e é o § 8º do mesmo artigo que fecha a hipótese, relacionando as moléstias assim consideradas e exigindo que o segurado tenha sido acometido após a filiação. É o art. 30, § 8º, inciso X que nomeia nefropatia grave, e é por essa via — e não por avaliação de gravidade caso a caso — que a moléstia produz o resultado sem proporcionalização. O § 13 do art. 30 remete as causas qualificadas à média do art. 24, que disciplina sobre que valor o cálculo incide.

Do enquadramento resulta a concessão de proventos calculados sobre a média disciplinada no art. 24 da Lei Complementar Estadual nº 1.100/2021, sem redução proporcional ao tempo de contribuição, na forma de cálculo vinculada a esta regra. Após a concessão, os proventos são reajustados com paridade, na forma do art. 27, inciso I, da mesma Lei Complementar, que remete ao art. 7º da Emenda Constitucional nº 41/2003 para quem ingressou em cargo efetivo até 31 de dezembro de 2003. A paridade é regime de revisão posterior e não integra o cálculo inicial.",,AMBOS,S,Valor Médio,,incapacidade-lce1100-ate-2003-doenca-nefropatia-grave,incapacidade-lce1100-ingresso-ate-2003,regra-0019 regra-0020,elaboracao,N,
Incapacidade permanente · LCE 1.100 · ingresso até 2003 · estado avançado da doença de Paget (osteíte deformante) · média integral · paridade S,APOSENTADORIA POR INVALIDEZ,,,,,N,,,,S,,,,,31/12/2003 00:00,,,18/10/2021 00:00,,,"No curso do processo administrativo, ficou demonstrado que o interessado era servidor titular de cargo efetivo e que se encontrava em estado de incapacidade permanente para o trabalho, decorrente de estado avançado da doença de Paget (osteíte deformante), cujo diagnóstico foi confirmado por junta médica oficial mediante laudo, exames e prontuários, e cotejado com o rol legal em vigor. Ficou demonstrado que o interessado foi acometido da doença depois de sua filiação ao regime próprio de previdência de Rondônia, requisito que o próprio parágrafo impõe a todas as moléstias que relaciona. Ficou demonstrado, por fim, que o ingresso no serviço público em cargo efetivo se deu até 31 de dezembro de 2003 e que os requisitos foram implementados a partir de 18 de outubro de 2021.

A hipótese se extrai da conjugação dos dispositivos, e é a articulação entre eles que a completa. O art. 40, § 1º, inciso I, da Constituição Federal, na redação da Emenda Constitucional nº 103/2019, funda a aposentadoria por incapacidade permanente para o trabalho. O art. 30, caput, da Lei Complementar Estadual nº 1.100/2021 estabelece que essa aposentadoria é proporcional ao tempo de contribuição, mas excetua da proporcionalização a incapacidade decorrente de doença grave, contagiosa ou incurável — de modo que o enquadramento da moléstia não é detalhe classificatório: dele depende haver ou não redução no provento. Qual seja essa doença o caput não diz, e é o § 8º do mesmo artigo que fecha a hipótese, relacionando as moléstias assim consideradas e exigindo que o segurado tenha sido acometido após a filiação. É o art. 30, § 8º, inciso XI que nomeia estado avançado da doença de Paget (osteíte deformante), e é por essa via — e não por avaliação de gravidade caso a caso — que a moléstia produz o resultado sem proporcionalização. O § 13 do art. 30 remete as causas qualificadas à média do art. 24, que disciplina sobre que valor o cálculo incide.

Do enquadramento resulta a concessão de proventos calculados sobre a média disciplinada no art. 24 da Lei Complementar Estadual nº 1.100/2021, sem redução proporcional ao tempo de contribuição, na forma de cálculo vinculada a esta regra. Após a concessão, os proventos são reajustados com paridade, na forma do art. 27, inciso I, da mesma Lei Complementar, que remete ao art. 7º da Emenda Constitucional nº 41/2003 para quem ingressou em cargo efetivo até 31 de dezembro de 2003. A paridade é regime de revisão posterior e não integra o cálculo inicial.",,AMBOS,S,Valor Médio,,incapacidade-lce1100-ate-2003-doenca-doenca-de-paget,incapacidade-lce1100-ingresso-ate-2003,regra-0019 regra-0020,elaboracao,N,
Incapacidade permanente · LCE 1.100 · ingresso até 2003 · síndrome da imunodeficiência adquirida (SIDA/AIDS) · média integral · paridade S,APOSENTADORIA POR INVALIDEZ,,,,,N,,,,S,,,,,31/12/2003 00:00,,,18/10/2021 00:00,,,"No curso do processo administrativo, ficou demonstrado que o interessado era servidor titular de cargo efetivo e que se encontrava em estado de incapacidade permanente para o trabalho, decorrente de síndrome da imunodeficiência adquirida (SIDA/AIDS), cujo diagnóstico foi confirmado por junta médica oficial mediante laudo, exames e prontuários, e cotejado com o rol legal em vigor. Ficou demonstrado que o interessado foi acometido da doença depois de sua filiação ao regime próprio de previdência de Rondônia, requisito que o próprio parágrafo impõe a todas as moléstias que relaciona. Ficou demonstrado, por fim, que o ingresso no serviço público em cargo efetivo se deu até 31 de dezembro de 2003 e que os requisitos foram implementados a partir de 18 de outubro de 2021.

A hipótese se extrai da conjugação dos dispositivos, e é a articulação entre eles que a completa. O art. 40, § 1º, inciso I, da Constituição Federal, na redação da Emenda Constitucional nº 103/2019, funda a aposentadoria por incapacidade permanente para o trabalho. O art. 30, caput, da Lei Complementar Estadual nº 1.100/2021 estabelece que essa aposentadoria é proporcional ao tempo de contribuição, mas excetua da proporcionalização a incapacidade decorrente de doença grave, contagiosa ou incurável — de modo que o enquadramento da moléstia não é detalhe classificatório: dele depende haver ou não redução no provento. Qual seja essa doença o caput não diz, e é o § 8º do mesmo artigo que fecha a hipótese, relacionando as moléstias assim consideradas e exigindo que o segurado tenha sido acometido após a filiação. É o art. 30, § 8º, inciso XII que nomeia síndrome da imunodeficiência adquirida (SIDA/AIDS), e é por essa via — e não por avaliação de gravidade caso a caso — que a moléstia produz o resultado sem proporcionalização. O § 13 do art. 30 remete as causas qualificadas à média do art. 24, que disciplina sobre que valor o cálculo incide.

Do enquadramento resulta a concessão de proventos calculados sobre a média disciplinada no art. 24 da Lei Complementar Estadual nº 1.100/2021, sem redução proporcional ao tempo de contribuição, na forma de cálculo vinculada a esta regra. Após a concessão, os proventos são reajustados com paridade, na forma do art. 27, inciso I, da mesma Lei Complementar, que remete ao art. 7º da Emenda Constitucional nº 41/2003 para quem ingressou em cargo efetivo até 31 de dezembro de 2003. A paridade é regime de revisão posterior e não integra o cálculo inicial.",,AMBOS,S,Valor Médio,,incapacidade-lce1100-ate-2003-doenca-sida-aids,incapacidade-lce1100-ingresso-ate-2003,regra-0019 regra-0020,elaboracao,N,
Incapacidade permanente · LCE 1.100 · ingresso até 2003 · contaminação por radiação · média integral · paridade S,APOSENTADORIA POR INVALIDEZ,,,,,N,,,,S,,,,,31/12/2003 00:00,,,18/10/2021 00:00,,,"No curso do processo administrativo, ficou demonstrado que o interessado era servidor titular de cargo efetivo e que se encontrava em estado de incapacidade permanente para o trabalho, decorrente de contaminação por radiação, cujo diagnóstico foi confirmado por junta médica oficial mediante laudo, exames e prontuários, e cotejado com o rol legal em vigor. Ficou demonstrado que o interessado foi acometido da doença depois de sua filiação ao regime próprio de previdência de Rondônia, requisito que o próprio parágrafo impõe a todas as moléstias que relaciona. Ficou demonstrado, por fim, que o ingresso no serviço público em cargo efetivo se deu até 31 de dezembro de 2003 e que os requisitos foram implementados a partir de 18 de outubro de 2021.

A hipótese se extrai da conjugação dos dispositivos, e é a articulação entre eles que a completa. O art. 40, § 1º, inciso I, da Constituição Federal, na redação da Emenda Constitucional nº 103/2019, funda a aposentadoria por incapacidade permanente para o trabalho. O art. 30, caput, da Lei Complementar Estadual nº 1.100/2021 estabelece que essa aposentadoria é proporcional ao tempo de contribuição, mas excetua da proporcionalização a incapacidade decorrente de doença grave, contagiosa ou incurável — de modo que o enquadramento da moléstia não é detalhe classificatório: dele depende haver ou não redução no provento. Qual seja essa doença o caput não diz, e é o § 8º do mesmo artigo que fecha a hipótese, relacionando as moléstias assim consideradas e exigindo que o segurado tenha sido acometido após a filiação. É o art. 30, § 8º, inciso XIII que nomeia contaminação por radiação, e é por essa via — e não por avaliação de gravidade caso a caso — que a moléstia produz o resultado sem proporcionalização. O § 13 do art. 30 remete as causas qualificadas à média do art. 24, que disciplina sobre que valor o cálculo incide.

Do enquadramento resulta a concessão de proventos calculados sobre a média disciplinada no art. 24 da Lei Complementar Estadual nº 1.100/2021, sem redução proporcional ao tempo de contribuição, na forma de cálculo vinculada a esta regra. Após a concessão, os proventos são reajustados com paridade, na forma do art. 27, inciso I, da mesma Lei Complementar, que remete ao art. 7º da Emenda Constitucional nº 41/2003 para quem ingressou em cargo efetivo até 31 de dezembro de 2003. A paridade é regime de revisão posterior e não integra o cálculo inicial.",,AMBOS,S,Valor Médio,,incapacidade-lce1100-ate-2003-doenca-contaminacao-por-radiacao,incapacidade-lce1100-ingresso-ate-2003,regra-0019 regra-0020,elaboracao,N,
Incapacidade permanente · LCE 1.100 · ingresso até 2003 · hepatopatia grave · média integral · paridade S,APOSENTADORIA POR INVALIDEZ,,,,,N,,,,S,,,,,31/12/2003 00:00,,,18/10/2021 00:00,,,"No curso do processo administrativo, ficou demonstrado que o interessado era servidor titular de cargo efetivo e que se encontrava em estado de incapacidade permanente para o trabalho, decorrente de hepatopatia grave, cujo diagnóstico foi confirmado por junta médica oficial mediante laudo, exames e prontuários, e cotejado com o rol legal em vigor. Ficou demonstrado que o interessado foi acometido da doença depois de sua filiação ao regime próprio de previdência de Rondônia, requisito que o próprio parágrafo impõe a todas as moléstias que relaciona. Ficou demonstrado, por fim, que o ingresso no serviço público em cargo efetivo se deu até 31 de dezembro de 2003 e que os requisitos foram implementados a partir de 18 de outubro de 2021.

A hipótese se extrai da conjugação dos dispositivos, e é a articulação entre eles que a completa. O art. 40, § 1º, inciso I, da Constituição Federal, na redação da Emenda Constitucional nº 103/2019, funda a aposentadoria por incapacidade permanente para o trabalho. O art. 30, caput, da Lei Complementar Estadual nº 1.100/2021 estabelece que essa aposentadoria é proporcional ao tempo de contribuição, mas excetua da proporcionalização a incapacidade decorrente de doença grave, contagiosa ou incurável — de modo que o enquadramento da moléstia não é detalhe classificatório: dele depende haver ou não redução no provento. Qual seja essa doença o caput não diz, e é o § 8º do mesmo artigo que fecha a hipótese, relacionando as moléstias assim consideradas e exigindo que o segurado tenha sido acometido após a filiação. É o art. 30, § 8º, inciso XIV que nomeia hepatopatia grave, e é por essa via — e não por avaliação de gravidade caso a caso — que a moléstia produz o resultado sem proporcionalização. O § 13 do art. 30 remete as causas qualificadas à média do art. 24, que disciplina sobre que valor o cálculo incide.

Do enquadramento resulta a concessão de proventos calculados sobre a média disciplinada no art. 24 da Lei Complementar Estadual nº 1.100/2021, sem redução proporcional ao tempo de contribuição, na forma de cálculo vinculada a esta regra. Após a concessão, os proventos são reajustados com paridade, na forma do art. 27, inciso I, da mesma Lei Complementar, que remete ao art. 7º da Emenda Constitucional nº 41/2003 para quem ingressou em cargo efetivo até 31 de dezembro de 2003. A paridade é regime de revisão posterior e não integra o cálculo inicial.",,AMBOS,S,Valor Médio,,incapacidade-lce1100-ate-2003-doenca-hepatopatia-grave,incapacidade-lce1100-ingresso-ate-2003,regra-0019 regra-0020,elaboracao,N,
Incapacidade permanente · LCE 1.100 · ingresso até 2003 · esclerose múltipla · média integral · paridade S,APOSENTADORIA POR INVALIDEZ,,,,,N,,,,S,,,,,31/12/2003 00:00,,,18/10/2021 00:00,,,"No curso do processo administrativo, ficou demonstrado que o interessado era servidor titular de cargo efetivo e que se encontrava em estado de incapacidade permanente para o trabalho, decorrente de esclerose múltipla, cujo diagnóstico foi confirmado por junta médica oficial mediante laudo, exames e prontuários, e cotejado com o rol legal em vigor. Ficou demonstrado que o interessado foi acometido da doença depois de sua filiação ao regime próprio de previdência de Rondônia, requisito que o próprio parágrafo impõe a todas as moléstias que relaciona. Ficou demonstrado, por fim, que o ingresso no serviço público em cargo efetivo se deu até 31 de dezembro de 2003 e que os requisitos foram implementados a partir de 18 de outubro de 2021.

A hipótese se extrai da conjugação dos dispositivos, e é a articulação entre eles que a completa. O art. 40, § 1º, inciso I, da Constituição Federal, na redação da Emenda Constitucional nº 103/2019, funda a aposentadoria por incapacidade permanente para o trabalho. O art. 30, caput, da Lei Complementar Estadual nº 1.100/2021 estabelece que essa aposentadoria é proporcional ao tempo de contribuição, mas excetua da proporcionalização a incapacidade decorrente de doença grave, contagiosa ou incurável — de modo que o enquadramento da moléstia não é detalhe classificatório: dele depende haver ou não redução no provento. Qual seja essa doença o caput não diz, e é o § 8º do mesmo artigo que fecha a hipótese, relacionando as moléstias assim consideradas e exigindo que o segurado tenha sido acometido após a filiação. É o art. 30, § 8º, inciso XV que nomeia esclerose múltipla, e é por essa via — e não por avaliação de gravidade caso a caso — que a moléstia produz o resultado sem proporcionalização. O § 13 do art. 30 remete as causas qualificadas à média do art. 24, que disciplina sobre que valor o cálculo incide.

Do enquadramento resulta a concessão de proventos calculados sobre a média disciplinada no art. 24 da Lei Complementar Estadual nº 1.100/2021, sem redução proporcional ao tempo de contribuição, na forma de cálculo vinculada a esta regra. Após a concessão, os proventos são reajustados com paridade, na forma do art. 27, inciso I, da mesma Lei Complementar, que remete ao art. 7º da Emenda Constitucional nº 41/2003 para quem ingressou em cargo efetivo até 31 de dezembro de 2003. A paridade é regime de revisão posterior e não integra o cálculo inicial.",,AMBOS,S,Valor Médio,,incapacidade-lce1100-ate-2003-doenca-esclerose-multipla,incapacidade-lce1100-ingresso-ate-2003,regra-0019 regra-0020,elaboracao,N,
Incapacidade permanente · LCE 1.100 · ingresso até 2003 · surdez permanente · magistério · média integral · paridade S,APOSENTADORIA POR INVALIDEZ,,,,,N,,,,S,,,,,31/12/2003 00:00,,,18/10/2021 00:00,,,"No curso do processo administrativo, ficou demonstrado que o interessado era servidor titular de cargo efetivo e que se encontrava em estado de incapacidade permanente para o trabalho, decorrente de surdez permanente, cujo diagnóstico foi confirmado por junta médica oficial mediante laudo, exames e prontuários, e cotejado com o rol legal em vigor. Ficou demonstrado que o interessado foi acometido da doença depois de sua filiação ao regime próprio de previdência de Rondônia, requisito que o próprio parágrafo impõe a todas as moléstias que relaciona. Ficou demonstrado, também, que o interessado ocupava cargo de magistério, condição a que o inciso restringe esta moléstia. Ficou demonstrado, por fim, que o ingresso no serviço público em cargo efetivo se deu até 31 de dezembro de 2003 e que os requisitos foram implementados a partir de 18 de outubro de 2021.

A hipótese se extrai da conjugação dos dispositivos, e é a articulação entre eles que a completa. O art. 40, § 1º, inciso I, da Constituição Federal, na redação da Emenda Constitucional nº 103/2019, funda a aposentadoria por incapacidade permanente para o trabalho. O art. 30, caput, da Lei Complementar Estadual nº 1.100/2021 estabelece que essa aposentadoria é proporcional ao tempo de contribuição, mas excetua da proporcionalização a incapacidade decorrente de doença grave, contagiosa ou incurável — de modo que o enquadramento da moléstia não é detalhe classificatório: dele depende haver ou não redução no provento. Qual seja essa doença o caput não diz, e é o § 8º do mesmo artigo que fecha a hipótese, relacionando as moléstias assim consideradas e exigindo que o segurado tenha sido acometido após a filiação. É o art. 30, § 8º, inciso XVI que nomeia surdez permanente, e é por essa via — e não por avaliação de gravidade caso a caso — que a moléstia produz o resultado sem proporcionalização. O § 13 do art. 30 remete as causas qualificadas à média do art. 24, que disciplina sobre que valor o cálculo incide.

Do enquadramento resulta a concessão de proventos calculados sobre a média disciplinada no art. 24 da Lei Complementar Estadual nº 1.100/2021, sem redução proporcional ao tempo de contribuição, na forma de cálculo vinculada a esta regra. Após a concessão, os proventos são reajustados com paridade, na forma do art. 27, inciso I, da mesma Lei Complementar, que remete ao art. 7º da Emenda Constitucional nº 41/2003 para quem ingressou em cargo efetivo até 31 de dezembro de 2003. A paridade é regime de revisão posterior e não integra o cálculo inicial.",,AMBOS,S,Valor Médio,,incapacidade-lce1100-ate-2003-doenca-surdez-permanente-magisterio,incapacidade-lce1100-ingresso-ate-2003,regra-0019 regra-0020,elaboracao,N,
Incapacidade permanente · LCE 1.100 · ingresso até 2003 · anomalia da fala · magistério · média integral · paridade S,APOSENTADORIA POR INVALIDEZ,,,,,N,,,,S,,,,,31/12/2003 00:00,,,18/10/2021 00:00,,,"No curso do processo administrativo, ficou demonstrado que o interessado era servidor titular de cargo efetivo e que se encontrava em estado de incapacidade permanente para o trabalho, decorrente de anomalia da fala, cujo diagnóstico foi confirmado por junta médica oficial mediante laudo, exames e prontuários, e cotejado com o rol legal em vigor. Ficou demonstrado que o interessado foi acometido da doença depois de sua filiação ao regime próprio de previdência de Rondônia, requisito que o próprio parágrafo impõe a todas as moléstias que relaciona. Ficou demonstrado, também, que o interessado ocupava cargo de magistério, condição a que o inciso restringe esta moléstia. Ficou demonstrado, por fim, que o ingresso no serviço público em cargo efetivo se deu até 31 de dezembro de 2003 e que os requisitos foram implementados a partir de 18 de outubro de 2021.

A hipótese se extrai da conjugação dos dispositivos, e é a articulação entre eles que a completa. O art. 40, § 1º, inciso I, da Constituição Federal, na redação da Emenda Constitucional nº 103/2019, funda a aposentadoria por incapacidade permanente para o trabalho. O art. 30, caput, da Lei Complementar Estadual nº 1.100/2021 estabelece que essa aposentadoria é proporcional ao tempo de contribuição, mas excetua da proporcionalização a incapacidade decorrente de doença grave, contagiosa ou incurável — de modo que o enquadramento da moléstia não é detalhe classificatório: dele depende haver ou não redução no provento. Qual seja essa doença o caput não diz, e é o § 8º do mesmo artigo que fecha a hipótese, relacionando as moléstias assim consideradas e exigindo que o segurado tenha sido acometido após a filiação. É o art. 30, § 8º, inciso XVI que nomeia anomalia da fala, e é por essa via — e não por avaliação de gravidade caso a caso — que a moléstia produz o resultado sem proporcionalização. O § 13 do art. 30 remete as causas qualificadas à média do art. 24, que disciplina sobre que valor o cálculo incide.

Do enquadramento resulta a concessão de proventos calculados sobre a média disciplinada no art. 24 da Lei Complementar Estadual nº 1.100/2021, sem redução proporcional ao tempo de contribuição, na forma de cálculo vinculada a esta regra. Após a concessão, os proventos são reajustados com paridade, na forma do art. 27, inciso I, da mesma Lei Complementar, que remete ao art. 7º da Emenda Constitucional nº 41/2003 para quem ingressou em cargo efetivo até 31 de dezembro de 2003. A paridade é regime de revisão posterior e não integra o cálculo inicial.",,AMBOS,S,Valor Médio,,incapacidade-lce1100-ate-2003-doenca-anomalia-da-fala-magisterio,incapacidade-lce1100-ingresso-ate-2003,regra-0019 regra-0020,elaboracao,N,
Incapacidade permanente · LCE 1.100 · ingresso até 2003 · demais causas · média proporcional · paridade,APOSENTADORIA POR INVALIDEZ,,,,,N,,,,S,,,,,31/12/2003 00:00,,,18/10/2021 00:00,"No curso do processo administrativo, ficou demonstrado que o interessado era servidor titular de cargo efetivo e que se encontrava em estado de incapacidade permanente para o trabalho, apurada por junta médica oficial mediante laudo. Ficou demonstrado, ainda, que a incapacidade não decorreu de acidente em serviço, de moléstia profissional nem de moléstia relacionada no rol do art. 30, § 8º, da Lei Complementar Estadual nº 1.100/2021, exclusão que foi objeto de investigação própria — a apuração de eventual acidente, o exame do histórico ocupacional e o cotejo do diagnóstico com o rol —, e não de mero silêncio dos autos. Ficou demonstrado, por fim, que o ingresso no serviço público em cargo efetivo se deu até 31 de dezembro de 2003 e que os requisitos foram implementados a partir de 18 de outubro de 2021.

A hipótese se extrai da conjugação dos dispositivos, e é a articulação entre eles que a completa. O art. 40, § 1º, inciso I, da Constituição Federal, na redação da Emenda Constitucional nº 103/2019, funda a aposentadoria por incapacidade permanente para o trabalho. O art. 30, caput, da Lei Complementar Estadual nº 1.100/2021 fixa a regra e a exceção: os proventos são proporcionais ao tempo de contribuição, salvo se a incapacidade decorrer de acidente em serviço, moléstia profissional ou doença grave, contagiosa ou incurável. Esta regra é o ramo residual — aplica-se justamente quando nenhuma dessas causas se verifica —, e daí decorre que a exclusão precisa ser apurada, e não presumida do silêncio: é ela que distingue esta hipótese das qualificadas, e quem não a investiga concede provento reduzido a quem talvez tivesse direito ao integral. O § 14 do mesmo artigo remete esse cálculo ao art. 26, que aplica a fração de tempo, medida em dias, sobre a média disciplinada no art. 24.

Do enquadramento resulta a concessão de proventos proporcionais: sobre a média disciplinada no art. 24 da Lei Complementar Estadual nº 1.100/2021 incide a fração entre o tempo de contribuição e o tempo exigido, medida em dias na forma do art. 26, tudo na forma de cálculo vinculada a esta regra. Após a concessão, os proventos são reajustados com paridade, na forma do art. 27, inciso I, da mesma Lei Complementar, que remete ao art. 7º da Emenda Constitucional nº 41/2003 para quem ingressou em cargo efetivo até 31 de dezembro de 2003. A paridade é regime de revisão posterior e não integra o cálculo inicial.",,,,AMBOS,N,Proporcionalidade Dias,,incapacidade-lce1100-ate-2003-causa-comum,incapacidade-lce1100-ingresso-ate-2003,regra-0019 regra-0020,elaboracao,N,
Incapacidade permanente · LCE 1.100 · ingresso após 2003 · acidente em serviço · média integral · sem paridade,APOSENTADORIA POR INVALIDEZ,,,,,N,,,,N,,,,,,01/01/2004 00:00,,18/10/2021 00:00,,,"No curso do processo administrativo, ficou demonstrado que o interessado era servidor titular de cargo efetivo e que se encontrava em estado de incapacidade permanente para o trabalho, apurada por junta médica oficial mediante laudo, e que essa incapacidade decorreu de acidente em serviço, cujo nexo com a atividade foi reconhecido a partir da comunicação e da apuração do acidente, dos prontuários e dos assentamentos funcionais. Ficou demonstrado, por fim, que o ingresso no serviço público em cargo efetivo se deu depois de 31 de dezembro de 2003 e que os requisitos foram implementados a partir de 18 de outubro de 2021.

A hipótese se extrai da conjugação dos dispositivos, e é a articulação entre eles que a completa. O art. 40, § 1º, inciso I, da Constituição Federal, na redação da Emenda Constitucional nº 103/2019, funda a aposentadoria por incapacidade permanente para o trabalho. O art. 30, caput, da Lei Complementar Estadual nº 1.100/2021 estabelece que essa aposentadoria é proporcional ao tempo de contribuição, mas excetua da proporcionalização a incapacidade decorrente de acidente em serviço, moléstia profissional ou doença grave, contagiosa ou incurável. O acidente em serviço é uma dessas causas, e o § 5º do art. 30 é que o define, de modo que o reconhecimento do nexo não é formalidade: dele depende o próprio ramo do cálculo. É essa qualificação que afasta a fração: sem ela, o mesmo grau de incapacidade levaria a provento reduzido. O § 13 do mesmo artigo fecha o cálculo, mandando apurá-lo na forma do art. 24 — que disciplina sobre que valor o benefício incide — e ressalvando o direito adquirido a outra fórmula, o que preserva quem já reunia requisitos sob disciplina anterior.

Do enquadramento resulta a concessão de proventos calculados sobre a média disciplinada no art. 24 da Lei Complementar Estadual nº 1.100/2021, sem redução proporcional ao tempo de contribuição, na forma de cálculo vinculada a esta regra. Após a concessão, os proventos não se reajustam por paridade: o art. 27, inciso I, reserva esse regime a quem ingressou em cargo efetivo até 31 de dezembro de 2003, coorte a que esta regra não se aplica.",,AMBOS,S,Valor Médio,,incapacidade-lce1100-apos-2003-acidente-em-servico,incapacidade-lce1100-ingresso-apos-2003,regra-0021 regra-0022,elaboracao,N,
Incapacidade permanente · LCE 1.100 · ingresso após 2003 · moléstia profissional · média integral · sem paridade,APOSENTADORIA POR INVALIDEZ,,,,,N,,,,N,,,,,,01/01/2004 00:00,,18/10/2021 00:00,,,"No curso do processo administrativo, ficou demonstrado que o interessado era servidor titular de cargo efetivo e que se encontrava em estado de incapacidade permanente para o trabalho, apurada por junta médica oficial mediante laudo, e que essa incapacidade decorreu de moléstia profissional, com nexo entre a doença e as condições de exercício do cargo reconhecido a partir do histórico ocupacional e da avaliação médica oficial. Ficou demonstrado, por fim, que o ingresso no serviço público em cargo efetivo se deu depois de 31 de dezembro de 2003 e que os requisitos foram implementados a partir de 18 de outubro de 2021.

A hipótese se extrai da conjugação dos dispositivos, e é a articulação entre eles que a completa. O art. 40, § 1º, inciso I, da Constituição Federal, na redação da Emenda Constitucional nº 103/2019, funda a aposentadoria por incapacidade permanente para o trabalho. O art. 30, caput, da Lei Complementar Estadual nº 1.100/2021 estabelece que essa aposentadoria é proporcional ao tempo de contribuição, mas excetua da proporcionalização a incapacidade decorrente de acidente em serviço, moléstia profissional ou doença grave, contagiosa ou incurável. A moléstia profissional é uma dessas causas, e o que a caracteriza é o nexo entre a doença e as condições de exercício do cargo, de modo que a apuração desse nexo não é formalidade: dela depende o próprio ramo do cálculo. É essa qualificação que afasta a fração: sem ela, o mesmo grau de incapacidade levaria a provento reduzido. O § 13 do mesmo artigo fecha o cálculo, mandando apurá-lo na forma do art. 24 — que disciplina sobre que valor o benefício incide — e ressalvando o direito adquirido a outra fórmula, o que preserva quem já reunia requisitos sob disciplina anterior.

Do enquadramento resulta a concessão de proventos calculados sobre a média disciplinada no art. 24 da Lei Complementar Estadual nº 1.100/2021, sem redução proporcional ao tempo de contribuição, na forma de cálculo vinculada a esta regra. Após a concessão, os proventos não se reajustam por paridade: o art. 27, inciso I, reserva esse regime a quem ingressou em cargo efetivo até 31 de dezembro de 2003, coorte a que esta regra não se aplica.",,AMBOS,S,Valor Médio,,incapacidade-lce1100-apos-2003-molestia-profissional,incapacidade-lce1100-ingresso-apos-2003,regra-0021 regra-0022,elaboracao,N,
Incapacidade permanente · LCE 1.100 · ingresso após 2003 · tuberculose ativa · média integral · paridade N,APOSENTADORIA POR INVALIDEZ,,,,,N,,,,N,,,,,,31/12/2003 00:00,,18/10/2021 00:00,,,"No curso do processo administrativo, ficou demonstrado que o interessado era servidor titular de cargo efetivo e que se encontrava em estado de incapacidade permanente para o trabalho, decorrente de tuberculose ativa, cujo diagnóstico foi confirmado por junta médica oficial mediante laudo, exames e prontuários, e cotejado com o rol legal em vigor. Ficou demonstrado que o interessado foi acometido da doença depois de sua filiação ao regime próprio de previdência de Rondônia, requisito que o próprio parágrafo impõe a todas as moléstias que relaciona. Ficou demonstrado, por fim, que o ingresso no serviço público em cargo efetivo se deu depois de 31 de dezembro de 2003 e que os requisitos foram implementados a partir de 18 de outubro de 2021.

A hipótese se extrai da conjugação dos dispositivos, e é a articulação entre eles que a completa. O art. 40, § 1º, inciso I, da Constituição Federal, na redação da Emenda Constitucional nº 103/2019, funda a aposentadoria por incapacidade permanente para o trabalho. O art. 30, caput, da Lei Complementar Estadual nº 1.100/2021 estabelece que essa aposentadoria é proporcional ao tempo de contribuição, mas excetua da proporcionalização a incapacidade decorrente de doença grave, contagiosa ou incurável — de modo que o enquadramento da moléstia não é detalhe classificatório: dele depende haver ou não redução no provento. Qual seja essa doença o caput não diz, e é o § 8º do mesmo artigo que fecha a hipótese, relacionando as moléstias assim consideradas e exigindo que o segurado tenha sido acometido após a filiação. É o art. 30, § 8º, inciso I que nomeia tuberculose ativa, e é por essa via — e não por avaliação de gravidade caso a caso — que a moléstia produz o resultado sem proporcionalização. O § 13 do art. 30 remete as causas qualificadas à média do art. 24, que disciplina sobre que valor o cálculo incide.

Do enquadramento resulta a concessão de proventos calculados sobre a média disciplinada no art. 24 da Lei Complementar Estadual nº 1.100/2021, sem redução proporcional ao tempo de contribuição, na forma de cálculo vinculada a esta regra. Após a concessão, os proventos não se reajustam por paridade: o art. 27, inciso I, reserva esse regime a quem ingressou em cargo efetivo até 31 de dezembro de 2003, coorte a que esta regra não se aplica.",,AMBOS,S,Valor Médio,,incapacidade-lce1100-apos-2003-doenca-tuberculose-ativa,incapacidade-lce1100-ingresso-apos-2003,regra-0021 regra-0022,elaboracao,N,
Incapacidade permanente · LCE 1.100 · ingresso após 2003 · hanseníase · média integral · paridade N,APOSENTADORIA POR INVALIDEZ,,,,,N,,,,N,,,,,,31/12/2003 00:00,,18/10/2021 00:00,,,"No curso do processo administrativo, ficou demonstrado que o interessado era servidor titular de cargo efetivo e que se encontrava em estado de incapacidade permanente para o trabalho, decorrente de hanseníase, cujo diagnóstico foi confirmado por junta médica oficial mediante laudo, exames e prontuários, e cotejado com o rol legal em vigor. Ficou demonstrado que o interessado foi acometido da doença depois de sua filiação ao regime próprio de previdência de Rondônia, requisito que o próprio parágrafo impõe a todas as moléstias que relaciona. Ficou demonstrado, por fim, que o ingresso no serviço público em cargo efetivo se deu depois de 31 de dezembro de 2003 e que os requisitos foram implementados a partir de 18 de outubro de 2021.

A hipótese se extrai da conjugação dos dispositivos, e é a articulação entre eles que a completa. O art. 40, § 1º, inciso I, da Constituição Federal, na redação da Emenda Constitucional nº 103/2019, funda a aposentadoria por incapacidade permanente para o trabalho. O art. 30, caput, da Lei Complementar Estadual nº 1.100/2021 estabelece que essa aposentadoria é proporcional ao tempo de contribuição, mas excetua da proporcionalização a incapacidade decorrente de doença grave, contagiosa ou incurável — de modo que o enquadramento da moléstia não é detalhe classificatório: dele depende haver ou não redução no provento. Qual seja essa doença o caput não diz, e é o § 8º do mesmo artigo que fecha a hipótese, relacionando as moléstias assim consideradas e exigindo que o segurado tenha sido acometido após a filiação. É o art. 30, § 8º, inciso II que nomeia hanseníase, e é por essa via — e não por avaliação de gravidade caso a caso — que a moléstia produz o resultado sem proporcionalização. O § 13 do art. 30 remete as causas qualificadas à média do art. 24, que disciplina sobre que valor o cálculo incide.

Do enquadramento resulta a concessão de proventos calculados sobre a média disciplinada no art. 24 da Lei Complementar Estadual nº 1.100/2021, sem redução proporcional ao tempo de contribuição, na forma de cálculo vinculada a esta regra. Após a concessão, os proventos não se reajustam por paridade: o art. 27, inciso I, reserva esse regime a quem ingressou em cargo efetivo até 31 de dezembro de 2003, coorte a que esta regra não se aplica.",,AMBOS,S,Valor Médio,,incapacidade-lce1100-apos-2003-doenca-hanseniase,incapacidade-lce1100-ingresso-apos-2003,regra-0021 regra-0022,elaboracao,N,
Incapacidade permanente · LCE 1.100 · ingresso após 2003 · alienação mental · média integral · paridade N,APOSENTADORIA POR INVALIDEZ,,,,,N,,,,N,,,,,,31/12/2003 00:00,,18/10/2021 00:00,,,"No curso do processo administrativo, ficou demonstrado que o interessado era servidor titular de cargo efetivo e que se encontrava em estado de incapacidade permanente para o trabalho, decorrente de alienação mental, cujo diagnóstico foi confirmado por junta médica oficial mediante laudo, exames e prontuários, e cotejado com o rol legal em vigor. Ficou demonstrado que o interessado foi acometido da doença depois de sua filiação ao regime próprio de previdência de Rondônia, requisito que o próprio parágrafo impõe a todas as moléstias que relaciona. Ficou demonstrado, por fim, que o ingresso no serviço público em cargo efetivo se deu depois de 31 de dezembro de 2003 e que os requisitos foram implementados a partir de 18 de outubro de 2021.

A hipótese se extrai da conjugação dos dispositivos, e é a articulação entre eles que a completa. O art. 40, § 1º, inciso I, da Constituição Federal, na redação da Emenda Constitucional nº 103/2019, funda a aposentadoria por incapacidade permanente para o trabalho. O art. 30, caput, da Lei Complementar Estadual nº 1.100/2021 estabelece que essa aposentadoria é proporcional ao tempo de contribuição, mas excetua da proporcionalização a incapacidade decorrente de doença grave, contagiosa ou incurável — de modo que o enquadramento da moléstia não é detalhe classificatório: dele depende haver ou não redução no provento. Qual seja essa doença o caput não diz, e é o § 8º do mesmo artigo que fecha a hipótese, relacionando as moléstias assim consideradas e exigindo que o segurado tenha sido acometido após a filiação. É o art. 30, § 8º, inciso III que nomeia alienação mental, e é por essa via — e não por avaliação de gravidade caso a caso — que a moléstia produz o resultado sem proporcionalização. O § 13 do art. 30 remete as causas qualificadas à média do art. 24, que disciplina sobre que valor o cálculo incide.

Do enquadramento resulta a concessão de proventos calculados sobre a média disciplinada no art. 24 da Lei Complementar Estadual nº 1.100/2021, sem redução proporcional ao tempo de contribuição, na forma de cálculo vinculada a esta regra. Após a concessão, os proventos não se reajustam por paridade: o art. 27, inciso I, reserva esse regime a quem ingressou em cargo efetivo até 31 de dezembro de 2003, coorte a que esta regra não se aplica.",,AMBOS,S,Valor Médio,,incapacidade-lce1100-apos-2003-doenca-alienacao-mental,incapacidade-lce1100-ingresso-apos-2003,regra-0021 regra-0022,elaboracao,N,
Incapacidade permanente · LCE 1.100 · ingresso após 2003 · neoplasia maligna · média integral · paridade N,APOSENTADORIA POR INVALIDEZ,,,,,N,,,,N,,,,,,31/12/2003 00:00,,18/10/2021 00:00,,,"No curso do processo administrativo, ficou demonstrado que o interessado era servidor titular de cargo efetivo e que se encontrava em estado de incapacidade permanente para o trabalho, decorrente de neoplasia maligna, cujo diagnóstico foi confirmado por junta médica oficial mediante laudo, exames e prontuários, e cotejado com o rol legal em vigor. Ficou demonstrado que o interessado foi acometido da doença depois de sua filiação ao regime próprio de previdência de Rondônia, requisito que o próprio parágrafo impõe a todas as moléstias que relaciona. Ficou demonstrado, por fim, que o ingresso no serviço público em cargo efetivo se deu depois de 31 de dezembro de 2003 e que os requisitos foram implementados a partir de 18 de outubro de 2021.

A hipótese se extrai da conjugação dos dispositivos, e é a articulação entre eles que a completa. O art. 40, § 1º, inciso I, da Constituição Federal, na redação da Emenda Constitucional nº 103/2019, funda a aposentadoria por incapacidade permanente para o trabalho. O art. 30, caput, da Lei Complementar Estadual nº 1.100/2021 estabelece que essa aposentadoria é proporcional ao tempo de contribuição, mas excetua da proporcionalização a incapacidade decorrente de doença grave, contagiosa ou incurável — de modo que o enquadramento da moléstia não é detalhe classificatório: dele depende haver ou não redução no provento. Qual seja essa doença o caput não diz, e é o § 8º do mesmo artigo que fecha a hipótese, relacionando as moléstias assim consideradas e exigindo que o segurado tenha sido acometido após a filiação. É o art. 30, § 8º, inciso IV que nomeia neoplasia maligna, e é por essa via — e não por avaliação de gravidade caso a caso — que a moléstia produz o resultado sem proporcionalização. O § 13 do art. 30 remete as causas qualificadas à média do art. 24, que disciplina sobre que valor o cálculo incide.

Do enquadramento resulta a concessão de proventos calculados sobre a média disciplinada no art. 24 da Lei Complementar Estadual nº 1.100/2021, sem redução proporcional ao tempo de contribuição, na forma de cálculo vinculada a esta regra. Após a concessão, os proventos não se reajustam por paridade: o art. 27, inciso I, reserva esse regime a quem ingressou em cargo efetivo até 31 de dezembro de 2003, coorte a que esta regra não se aplica.",,AMBOS,S,Valor Médio,,incapacidade-lce1100-apos-2003-doenca-neoplasia-maligna,incapacidade-lce1100-ingresso-apos-2003,regra-0021 regra-0022,elaboracao,N,
Incapacidade permanente · LCE 1.100 · ingresso após 2003 · cegueira bilateral · média integral · paridade N,APOSENTADORIA POR INVALIDEZ,,,,,N,,,,N,,,,,,31/12/2003 00:00,,18/10/2021 00:00,,,"No curso do processo administrativo, ficou demonstrado que o interessado era servidor titular de cargo efetivo e que se encontrava em estado de incapacidade permanente para o trabalho, decorrente de cegueira bilateral, cujo diagnóstico foi confirmado por junta médica oficial mediante laudo, exames e prontuários, e cotejado com o rol legal em vigor. Ficou demonstrado que o interessado foi acometido da doença depois de sua filiação ao regime próprio de previdência de Rondônia, requisito que o próprio parágrafo impõe a todas as moléstias que relaciona. Ficou demonstrado, por fim, que o ingresso no serviço público em cargo efetivo se deu depois de 31 de dezembro de 2003 e que os requisitos foram implementados a partir de 18 de outubro de 2021.

A hipótese se extrai da conjugação dos dispositivos, e é a articulação entre eles que a completa. O art. 40, § 1º, inciso I, da Constituição Federal, na redação da Emenda Constitucional nº 103/2019, funda a aposentadoria por incapacidade permanente para o trabalho. O art. 30, caput, da Lei Complementar Estadual nº 1.100/2021 estabelece que essa aposentadoria é proporcional ao tempo de contribuição, mas excetua da proporcionalização a incapacidade decorrente de doença grave, contagiosa ou incurável — de modo que o enquadramento da moléstia não é detalhe classificatório: dele depende haver ou não redução no provento. Qual seja essa doença o caput não diz, e é o § 8º do mesmo artigo que fecha a hipótese, relacionando as moléstias assim consideradas e exigindo que o segurado tenha sido acometido após a filiação. É o art. 30, § 8º, inciso V que nomeia cegueira bilateral, e é por essa via — e não por avaliação de gravidade caso a caso — que a moléstia produz o resultado sem proporcionalização. O § 13 do art. 30 remete as causas qualificadas à média do art. 24, que disciplina sobre que valor o cálculo incide.

Do enquadramento resulta a concessão de proventos calculados sobre a média disciplinada no art. 24 da Lei Complementar Estadual nº 1.100/2021, sem redução proporcional ao tempo de contribuição, na forma de cálculo vinculada a esta regra. Após a concessão, os proventos não se reajustam por paridade: o art. 27, inciso I, reserva esse regime a quem ingressou em cargo efetivo até 31 de dezembro de 2003, coorte a que esta regra não se aplica.",,AMBOS,S,Valor Médio,,incapacidade-lce1100-apos-2003-doenca-cegueira-bilateral,incapacidade-lce1100-ingresso-apos-2003,regra-0021 regra-0022,elaboracao,N,
Incapacidade permanente · LCE 1.100 · ingresso após 2003 · paralisia irreversível e incapacitante · média integral · paridade N,APOSENTADORIA POR INVALIDEZ,,,,,N,,,,N,,,,,,31/12/2003 00:00,,18/10/2021 00:00,,,"No curso do processo administrativo, ficou demonstrado que o interessado era servidor titular de cargo efetivo e que se encontrava em estado de incapacidade permanente para o trabalho, decorrente de paralisia irreversível e incapacitante, cujo diagnóstico foi confirmado por junta médica oficial mediante laudo, exames e prontuários, e cotejado com o rol legal em vigor. Ficou demonstrado que o interessado foi acometido da doença depois de sua filiação ao regime próprio de previdência de Rondônia, requisito que o próprio parágrafo impõe a todas as moléstias que relaciona. Ficou demonstrado, por fim, que o ingresso no serviço público em cargo efetivo se deu depois de 31 de dezembro de 2003 e que os requisitos foram implementados a partir de 18 de outubro de 2021.

A hipótese se extrai da conjugação dos dispositivos, e é a articulação entre eles que a completa. O art. 40, § 1º, inciso I, da Constituição Federal, na redação da Emenda Constitucional nº 103/2019, funda a aposentadoria por incapacidade permanente para o trabalho. O art. 30, caput, da Lei Complementar Estadual nº 1.100/2021 estabelece que essa aposentadoria é proporcional ao tempo de contribuição, mas excetua da proporcionalização a incapacidade decorrente de doença grave, contagiosa ou incurável — de modo que o enquadramento da moléstia não é detalhe classificatório: dele depende haver ou não redução no provento. Qual seja essa doença o caput não diz, e é o § 8º do mesmo artigo que fecha a hipótese, relacionando as moléstias assim consideradas e exigindo que o segurado tenha sido acometido após a filiação. É o art. 30, § 8º, inciso VI que nomeia paralisia irreversível e incapacitante, e é por essa via — e não por avaliação de gravidade caso a caso — que a moléstia produz o resultado sem proporcionalização. O § 13 do art. 30 remete as causas qualificadas à média do art. 24, que disciplina sobre que valor o cálculo incide.

Do enquadramento resulta a concessão de proventos calculados sobre a média disciplinada no art. 24 da Lei Complementar Estadual nº 1.100/2021, sem redução proporcional ao tempo de contribuição, na forma de cálculo vinculada a esta regra. Após a concessão, os proventos não se reajustam por paridade: o art. 27, inciso I, reserva esse regime a quem ingressou em cargo efetivo até 31 de dezembro de 2003, coorte a que esta regra não se aplica.",,AMBOS,S,Valor Médio,,incapacidade-lce1100-apos-2003-doenca-paralisia-irreversivel,incapacidade-lce1100-ingresso-apos-2003,regra-0021 regra-0022,elaboracao,N,
Incapacidade permanente · LCE 1.100 · ingresso após 2003 · cardiopatia grave · média integral · paridade N,APOSENTADORIA POR INVALIDEZ,,,,,N,,,,N,,,,,,31/12/2003 00:00,,18/10/2021 00:00,,,"No curso do processo administrativo, ficou demonstrado que o interessado era servidor titular de cargo efetivo e que se encontrava em estado de incapacidade permanente para o trabalho, decorrente de cardiopatia grave, cujo diagnóstico foi confirmado por junta médica oficial mediante laudo, exames e prontuários, e cotejado com o rol legal em vigor. Ficou demonstrado que o interessado foi acometido da doença depois de sua filiação ao regime próprio de previdência de Rondônia, requisito que o próprio parágrafo impõe a todas as moléstias que relaciona. Ficou demonstrado, por fim, que o ingresso no serviço público em cargo efetivo se deu depois de 31 de dezembro de 2003 e que os requisitos foram implementados a partir de 18 de outubro de 2021.

A hipótese se extrai da conjugação dos dispositivos, e é a articulação entre eles que a completa. O art. 40, § 1º, inciso I, da Constituição Federal, na redação da Emenda Constitucional nº 103/2019, funda a aposentadoria por incapacidade permanente para o trabalho. O art. 30, caput, da Lei Complementar Estadual nº 1.100/2021 estabelece que essa aposentadoria é proporcional ao tempo de contribuição, mas excetua da proporcionalização a incapacidade decorrente de doença grave, contagiosa ou incurável — de modo que o enquadramento da moléstia não é detalhe classificatório: dele depende haver ou não redução no provento. Qual seja essa doença o caput não diz, e é o § 8º do mesmo artigo que fecha a hipótese, relacionando as moléstias assim consideradas e exigindo que o segurado tenha sido acometido após a filiação. É o art. 30, § 8º, inciso VII que nomeia cardiopatia grave, e é por essa via — e não por avaliação de gravidade caso a caso — que a moléstia produz o resultado sem proporcionalização. O § 13 do art. 30 remete as causas qualificadas à média do art. 24, que disciplina sobre que valor o cálculo incide.

Do enquadramento resulta a concessão de proventos calculados sobre a média disciplinada no art. 24 da Lei Complementar Estadual nº 1.100/2021, sem redução proporcional ao tempo de contribuição, na forma de cálculo vinculada a esta regra. Após a concessão, os proventos não se reajustam por paridade: o art. 27, inciso I, reserva esse regime a quem ingressou em cargo efetivo até 31 de dezembro de 2003, coorte a que esta regra não se aplica.",,AMBOS,S,Valor Médio,,incapacidade-lce1100-apos-2003-doenca-cardiopatia-grave,incapacidade-lce1100-ingresso-apos-2003,regra-0021 regra-0022,elaboracao,N,
Incapacidade permanente · LCE 1.100 · ingresso após 2003 · doença de Parkinson · média integral · paridade N,APOSENTADORIA POR INVALIDEZ,,,,,N,,,,N,,,,,,31/12/2003 00:00,,18/10/2021 00:00,,,"No curso do processo administrativo, ficou demonstrado que o interessado era servidor titular de cargo efetivo e que se encontrava em estado de incapacidade permanente para o trabalho, decorrente de doença de Parkinson, cujo diagnóstico foi confirmado por junta médica oficial mediante laudo, exames e prontuários, e cotejado com o rol legal em vigor. Ficou demonstrado que o interessado foi acometido da doença depois de sua filiação ao regime próprio de previdência de Rondônia, requisito que o próprio parágrafo impõe a todas as moléstias que relaciona. Ficou demonstrado, por fim, que o ingresso no serviço público em cargo efetivo se deu depois de 31 de dezembro de 2003 e que os requisitos foram implementados a partir de 18 de outubro de 2021.

A hipótese se extrai da conjugação dos dispositivos, e é a articulação entre eles que a completa. O art. 40, § 1º, inciso I, da Constituição Federal, na redação da Emenda Constitucional nº 103/2019, funda a aposentadoria por incapacidade permanente para o trabalho. O art. 30, caput, da Lei Complementar Estadual nº 1.100/2021 estabelece que essa aposentadoria é proporcional ao tempo de contribuição, mas excetua da proporcionalização a incapacidade decorrente de doença grave, contagiosa ou incurável — de modo que o enquadramento da moléstia não é detalhe classificatório: dele depende haver ou não redução no provento. Qual seja essa doença o caput não diz, e é o § 8º do mesmo artigo que fecha a hipótese, relacionando as moléstias assim consideradas e exigindo que o segurado tenha sido acometido após a filiação. É o art. 30, § 8º, inciso VIII que nomeia doença de Parkinson, e é por essa via — e não por avaliação de gravidade caso a caso — que a moléstia produz o resultado sem proporcionalização. O § 13 do art. 30 remete as causas qualificadas à média do art. 24, que disciplina sobre que valor o cálculo incide.

Do enquadramento resulta a concessão de proventos calculados sobre a média disciplinada no art. 24 da Lei Complementar Estadual nº 1.100/2021, sem redução proporcional ao tempo de contribuição, na forma de cálculo vinculada a esta regra. Após a concessão, os proventos não se reajustam por paridade: o art. 27, inciso I, reserva esse regime a quem ingressou em cargo efetivo até 31 de dezembro de 2003, coorte a que esta regra não se aplica.",,AMBOS,S,Valor Médio,,incapacidade-lce1100-apos-2003-doenca-doenca-de-parkinson,incapacidade-lce1100-ingresso-apos-2003,regra-0021 regra-0022,elaboracao,N,
Incapacidade permanente · LCE 1.100 · ingresso após 2003 · espondiloartrose anquilosante · média integral · paridade N,APOSENTADORIA POR INVALIDEZ,,,,,N,,,,N,,,,,,31/12/2003 00:00,,18/10/2021 00:00,,,"No curso do processo administrativo, ficou demonstrado que o interessado era servidor titular de cargo efetivo e que se encontrava em estado de incapacidade permanente para o trabalho, decorrente de espondiloartrose anquilosante, cujo diagnóstico foi confirmado por junta médica oficial mediante laudo, exames e prontuários, e cotejado com o rol legal em vigor. Ficou demonstrado que o interessado foi acometido da doença depois de sua filiação ao regime próprio de previdência de Rondônia, requisito que o próprio parágrafo impõe a todas as moléstias que relaciona. Ficou demonstrado, por fim, que o ingresso no serviço público em cargo efetivo se deu depois de 31 de dezembro de 2003 e que os requisitos foram implementados a partir de 18 de outubro de 2021.

A hipótese se extrai da conjugação dos dispositivos, e é a articulação entre eles que a completa. O art. 40, § 1º, inciso I, da Constituição Federal, na redação da Emenda Constitucional nº 103/2019, funda a aposentadoria por incapacidade permanente para o trabalho. O art. 30, caput, da Lei Complementar Estadual nº 1.100/2021 estabelece que essa aposentadoria é proporcional ao tempo de contribuição, mas excetua da proporcionalização a incapacidade decorrente de doença grave, contagiosa ou incurável — de modo que o enquadramento da moléstia não é detalhe classificatório: dele depende haver ou não redução no provento. Qual seja essa doença o caput não diz, e é o § 8º do mesmo artigo que fecha a hipótese, relacionando as moléstias assim consideradas e exigindo que o segurado tenha sido acometido após a filiação. É o art. 30, § 8º, inciso IX que nomeia espondiloartrose anquilosante, e é por essa via — e não por avaliação de gravidade caso a caso — que a moléstia produz o resultado sem proporcionalização. O § 13 do art. 30 remete as causas qualificadas à média do art. 24, que disciplina sobre que valor o cálculo incide.

Do enquadramento resulta a concessão de proventos calculados sobre a média disciplinada no art. 24 da Lei Complementar Estadual nº 1.100/2021, sem redução proporcional ao tempo de contribuição, na forma de cálculo vinculada a esta regra. Após a concessão, os proventos não se reajustam por paridade: o art. 27, inciso I, reserva esse regime a quem ingressou em cargo efetivo até 31 de dezembro de 2003, coorte a que esta regra não se aplica.",,AMBOS,S,Valor Médio,,incapacidade-lce1100-apos-2003-doenca-espondiloartrose-anquilosante,incapacidade-lce1100-ingresso-apos-2003,regra-0021 regra-0022,elaboracao,N,
Incapacidade permanente · LCE 1.100 · ingresso após 2003 · nefropatia grave · média integral · paridade N,APOSENTADORIA POR INVALIDEZ,,,,,N,,,,N,,,,,,31/12/2003 00:00,,18/10/2021 00:00,,,"No curso do processo administrativo, ficou demonstrado que o interessado era servidor titular de cargo efetivo e que se encontrava em estado de incapacidade permanente para o trabalho, decorrente de nefropatia grave, cujo diagnóstico foi confirmado por junta médica oficial mediante laudo, exames e prontuários, e cotejado com o rol legal em vigor. Ficou demonstrado que o interessado foi acometido da doença depois de sua filiação ao regime próprio de previdência de Rondônia, requisito que o próprio parágrafo impõe a todas as moléstias que relaciona. Ficou demonstrado, por fim, que o ingresso no serviço público em cargo efetivo se deu depois de 31 de dezembro de 2003 e que os requisitos foram implementados a partir de 18 de outubro de 2021.

A hipótese se extrai da conjugação dos dispositivos, e é a articulação entre eles que a completa. O art. 40, § 1º, inciso I, da Constituição Federal, na redação da Emenda Constitucional nº 103/2019, funda a aposentadoria por incapacidade permanente para o trabalho. O art. 30, caput, da Lei Complementar Estadual nº 1.100/2021 estabelece que essa aposentadoria é proporcional ao tempo de contribuição, mas excetua da proporcionalização a incapacidade decorrente de doença grave, contagiosa ou incurável — de modo que o enquadramento da moléstia não é detalhe classificatório: dele depende haver ou não redução no provento. Qual seja essa doença o caput não diz, e é o § 8º do mesmo artigo que fecha a hipótese, relacionando as moléstias assim consideradas e exigindo que o segurado tenha sido acometido após a filiação. É o art. 30, § 8º, inciso X que nomeia nefropatia grave, e é por essa via — e não por avaliação de gravidade caso a caso — que a moléstia produz o resultado sem proporcionalização. O § 13 do art. 30 remete as causas qualificadas à média do art. 24, que disciplina sobre que valor o cálculo incide.

Do enquadramento resulta a concessão de proventos calculados sobre a média disciplinada no art. 24 da Lei Complementar Estadual nº 1.100/2021, sem redução proporcional ao tempo de contribuição, na forma de cálculo vinculada a esta regra. Após a concessão, os proventos não se reajustam por paridade: o art. 27, inciso I, reserva esse regime a quem ingressou em cargo efetivo até 31 de dezembro de 2003, coorte a que esta regra não se aplica.",,AMBOS,S,Valor Médio,,incapacidade-lce1100-apos-2003-doenca-nefropatia-grave,incapacidade-lce1100-ingresso-apos-2003,regra-0021 regra-0022,elaboracao,N,
Incapacidade permanente · LCE 1.100 · ingresso após 2003 · estado avançado da doença de Paget (osteíte deformante) · média integral · paridade N,APOSENTADORIA POR INVALIDEZ,,,,,N,,,,N,,,,,,31/12/2003 00:00,,18/10/2021 00:00,,,"No curso do processo administrativo, ficou demonstrado que o interessado era servidor titular de cargo efetivo e que se encontrava em estado de incapacidade permanente para o trabalho, decorrente de estado avançado da doença de Paget (osteíte deformante), cujo diagnóstico foi confirmado por junta médica oficial mediante laudo, exames e prontuários, e cotejado com o rol legal em vigor. Ficou demonstrado que o interessado foi acometido da doença depois de sua filiação ao regime próprio de previdência de Rondônia, requisito que o próprio parágrafo impõe a todas as moléstias que relaciona. Ficou demonstrado, por fim, que o ingresso no serviço público em cargo efetivo se deu depois de 31 de dezembro de 2003 e que os requisitos foram implementados a partir de 18 de outubro de 2021.

A hipótese se extrai da conjugação dos dispositivos, e é a articulação entre eles que a completa. O art. 40, § 1º, inciso I, da Constituição Federal, na redação da Emenda Constitucional nº 103/2019, funda a aposentadoria por incapacidade permanente para o trabalho. O art. 30, caput, da Lei Complementar Estadual nº 1.100/2021 estabelece que essa aposentadoria é proporcional ao tempo de contribuição, mas excetua da proporcionalização a incapacidade decorrente de doença grave, contagiosa ou incurável — de modo que o enquadramento da moléstia não é detalhe classificatório: dele depende haver ou não redução no provento. Qual seja essa doença o caput não diz, e é o § 8º do mesmo artigo que fecha a hipótese, relacionando as moléstias assim consideradas e exigindo que o segurado tenha sido acometido após a filiação. É o art. 30, § 8º, inciso XI que nomeia estado avançado da doença de Paget (osteíte deformante), e é por essa via — e não por avaliação de gravidade caso a caso — que a moléstia produz o resultado sem proporcionalização. O § 13 do art. 30 remete as causas qualificadas à média do art. 24, que disciplina sobre que valor o cálculo incide.

Do enquadramento resulta a concessão de proventos calculados sobre a média disciplinada no art. 24 da Lei Complementar Estadual nº 1.100/2021, sem redução proporcional ao tempo de contribuição, na forma de cálculo vinculada a esta regra. Após a concessão, os proventos não se reajustam por paridade: o art. 27, inciso I, reserva esse regime a quem ingressou em cargo efetivo até 31 de dezembro de 2003, coorte a que esta regra não se aplica.",,AMBOS,S,Valor Médio,,incapacidade-lce1100-apos-2003-doenca-doenca-de-paget,incapacidade-lce1100-ingresso-apos-2003,regra-0021 regra-0022,elaboracao,N,
Incapacidade permanente · LCE 1.100 · ingresso após 2003 · síndrome da imunodeficiência adquirida (SIDA/AIDS) · média integral · paridade N,APOSENTADORIA POR INVALIDEZ,,,,,N,,,,N,,,,,,31/12/2003 00:00,,18/10/2021 00:00,,,"No curso do processo administrativo, ficou demonstrado que o interessado era servidor titular de cargo efetivo e que se encontrava em estado de incapacidade permanente para o trabalho, decorrente de síndrome da imunodeficiência adquirida (SIDA/AIDS), cujo diagnóstico foi confirmado por junta médica oficial mediante laudo, exames e prontuários, e cotejado com o rol legal em vigor. Ficou demonstrado que o interessado foi acometido da doença depois de sua filiação ao regime próprio de previdência de Rondônia, requisito que o próprio parágrafo impõe a todas as moléstias que relaciona. Ficou demonstrado, por fim, que o ingresso no serviço público em cargo efetivo se deu depois de 31 de dezembro de 2003 e que os requisitos foram implementados a partir de 18 de outubro de 2021.

A hipótese se extrai da conjugação dos dispositivos, e é a articulação entre eles que a completa. O art. 40, § 1º, inciso I, da Constituição Federal, na redação da Emenda Constitucional nº 103/2019, funda a aposentadoria por incapacidade permanente para o trabalho. O art. 30, caput, da Lei Complementar Estadual nº 1.100/2021 estabelece que essa aposentadoria é proporcional ao tempo de contribuição, mas excetua da proporcionalização a incapacidade decorrente de doença grave, contagiosa ou incurável — de modo que o enquadramento da moléstia não é detalhe classificatório: dele depende haver ou não redução no provento. Qual seja essa doença o caput não diz, e é o § 8º do mesmo artigo que fecha a hipótese, relacionando as moléstias assim consideradas e exigindo que o segurado tenha sido acometido após a filiação. É o art. 30, § 8º, inciso XII que nomeia síndrome da imunodeficiência adquirida (SIDA/AIDS), e é por essa via — e não por avaliação de gravidade caso a caso — que a moléstia produz o resultado sem proporcionalização. O § 13 do art. 30 remete as causas qualificadas à média do art. 24, que disciplina sobre que valor o cálculo incide.

Do enquadramento resulta a concessão de proventos calculados sobre a média disciplinada no art. 24 da Lei Complementar Estadual nº 1.100/2021, sem redução proporcional ao tempo de contribuição, na forma de cálculo vinculada a esta regra. Após a concessão, os proventos não se reajustam por paridade: o art. 27, inciso I, reserva esse regime a quem ingressou em cargo efetivo até 31 de dezembro de 2003, coorte a que esta regra não se aplica.",,AMBOS,S,Valor Médio,,incapacidade-lce1100-apos-2003-doenca-sida-aids,incapacidade-lce1100-ingresso-apos-2003,regra-0021 regra-0022,elaboracao,N,
Incapacidade permanente · LCE 1.100 · ingresso após 2003 · contaminação por radiação · média integral · paridade N,APOSENTADORIA POR INVALIDEZ,,,,,N,,,,N,,,,,,31/12/2003 00:00,,18/10/2021 00:00,,,"No curso do processo administrativo, ficou demonstrado que o interessado era servidor titular de cargo efetivo e que se encontrava em estado de incapacidade permanente para o trabalho, decorrente de contaminação por radiação, cujo diagnóstico foi confirmado por junta médica oficial mediante laudo, exames e prontuários, e cotejado com o rol legal em vigor. Ficou demonstrado que o interessado foi acometido da doença depois de sua filiação ao regime próprio de previdência de Rondônia, requisito que o próprio parágrafo impõe a todas as moléstias que relaciona. Ficou demonstrado, por fim, que o ingresso no serviço público em cargo efetivo se deu depois de 31 de dezembro de 2003 e que os requisitos foram implementados a partir de 18 de outubro de 2021.

A hipótese se extrai da conjugação dos dispositivos, e é a articulação entre eles que a completa. O art. 40, § 1º, inciso I, da Constituição Federal, na redação da Emenda Constitucional nº 103/2019, funda a aposentadoria por incapacidade permanente para o trabalho. O art. 30, caput, da Lei Complementar Estadual nº 1.100/2021 estabelece que essa aposentadoria é proporcional ao tempo de contribuição, mas excetua da proporcionalização a incapacidade decorrente de doença grave, contagiosa ou incurável — de modo que o enquadramento da moléstia não é detalhe classificatório: dele depende haver ou não redução no provento. Qual seja essa doença o caput não diz, e é o § 8º do mesmo artigo que fecha a hipótese, relacionando as moléstias assim consideradas e exigindo que o segurado tenha sido acometido após a filiação. É o art. 30, § 8º, inciso XIII que nomeia contaminação por radiação, e é por essa via — e não por avaliação de gravidade caso a caso — que a moléstia produz o resultado sem proporcionalização. O § 13 do art. 30 remete as causas qualificadas à média do art. 24, que disciplina sobre que valor o cálculo incide.

Do enquadramento resulta a concessão de proventos calculados sobre a média disciplinada no art. 24 da Lei Complementar Estadual nº 1.100/2021, sem redução proporcional ao tempo de contribuição, na forma de cálculo vinculada a esta regra. Após a concessão, os proventos não se reajustam por paridade: o art. 27, inciso I, reserva esse regime a quem ingressou em cargo efetivo até 31 de dezembro de 2003, coorte a que esta regra não se aplica.",,AMBOS,S,Valor Médio,,incapacidade-lce1100-apos-2003-doenca-contaminacao-por-radiacao,incapacidade-lce1100-ingresso-apos-2003,regra-0021 regra-0022,elaboracao,N,
Incapacidade permanente · LCE 1.100 · ingresso após 2003 · hepatopatia grave · média integral · paridade N,APOSENTADORIA POR INVALIDEZ,,,,,N,,,,N,,,,,,31/12/2003 00:00,,18/10/2021 00:00,,,"No curso do processo administrativo, ficou demonstrado que o interessado era servidor titular de cargo efetivo e que se encontrava em estado de incapacidade permanente para o trabalho, decorrente de hepatopatia grave, cujo diagnóstico foi confirmado por junta médica oficial mediante laudo, exames e prontuários, e cotejado com o rol legal em vigor. Ficou demonstrado que o interessado foi acometido da doença depois de sua filiação ao regime próprio de previdência de Rondônia, requisito que o próprio parágrafo impõe a todas as moléstias que relaciona. Ficou demonstrado, por fim, que o ingresso no serviço público em cargo efetivo se deu depois de 31 de dezembro de 2003 e que os requisitos foram implementados a partir de 18 de outubro de 2021.

A hipótese se extrai da conjugação dos dispositivos, e é a articulação entre eles que a completa. O art. 40, § 1º, inciso I, da Constituição Federal, na redação da Emenda Constitucional nº 103/2019, funda a aposentadoria por incapacidade permanente para o trabalho. O art. 30, caput, da Lei Complementar Estadual nº 1.100/2021 estabelece que essa aposentadoria é proporcional ao tempo de contribuição, mas excetua da proporcionalização a incapacidade decorrente de doença grave, contagiosa ou incurável — de modo que o enquadramento da moléstia não é detalhe classificatório: dele depende haver ou não redução no provento. Qual seja essa doença o caput não diz, e é o § 8º do mesmo artigo que fecha a hipótese, relacionando as moléstias assim consideradas e exigindo que o segurado tenha sido acometido após a filiação. É o art. 30, § 8º, inciso XIV que nomeia hepatopatia grave, e é por essa via — e não por avaliação de gravidade caso a caso — que a moléstia produz o resultado sem proporcionalização. O § 13 do art. 30 remete as causas qualificadas à média do art. 24, que disciplina sobre que valor o cálculo incide.

Do enquadramento resulta a concessão de proventos calculados sobre a média disciplinada no art. 24 da Lei Complementar Estadual nº 1.100/2021, sem redução proporcional ao tempo de contribuição, na forma de cálculo vinculada a esta regra. Após a concessão, os proventos não se reajustam por paridade: o art. 27, inciso I, reserva esse regime a quem ingressou em cargo efetivo até 31 de dezembro de 2003, coorte a que esta regra não se aplica.",,AMBOS,S,Valor Médio,,incapacidade-lce1100-apos-2003-doenca-hepatopatia-grave,incapacidade-lce1100-ingresso-apos-2003,regra-0021 regra-0022,elaboracao,N,
Incapacidade permanente · LCE 1.100 · ingresso após 2003 · esclerose múltipla · média integral · paridade N,APOSENTADORIA POR INVALIDEZ,,,,,N,,,,N,,,,,,31/12/2003 00:00,,18/10/2021 00:00,,,"No curso do processo administrativo, ficou demonstrado que o interessado era servidor titular de cargo efetivo e que se encontrava em estado de incapacidade permanente para o trabalho, decorrente de esclerose múltipla, cujo diagnóstico foi confirmado por junta médica oficial mediante laudo, exames e prontuários, e cotejado com o rol legal em vigor. Ficou demonstrado que o interessado foi acometido da doença depois de sua filiação ao regime próprio de previdência de Rondônia, requisito que o próprio parágrafo impõe a todas as moléstias que relaciona. Ficou demonstrado, por fim, que o ingresso no serviço público em cargo efetivo se deu depois de 31 de dezembro de 2003 e que os requisitos foram implementados a partir de 18 de outubro de 2021.

A hipótese se extrai da conjugação dos dispositivos, e é a articulação entre eles que a completa. O art. 40, § 1º, inciso I, da Constituição Federal, na redação da Emenda Constitucional nº 103/2019, funda a aposentadoria por incapacidade permanente para o trabalho. O art. 30, caput, da Lei Complementar Estadual nº 1.100/2021 estabelece que essa aposentadoria é proporcional ao tempo de contribuição, mas excetua da proporcionalização a incapacidade decorrente de doença grave, contagiosa ou incurável — de modo que o enquadramento da moléstia não é detalhe classificatório: dele depende haver ou não redução no provento. Qual seja essa doença o caput não diz, e é o § 8º do mesmo artigo que fecha a hipótese, relacionando as moléstias assim consideradas e exigindo que o segurado tenha sido acometido após a filiação. É o art. 30, § 8º, inciso XV que nomeia esclerose múltipla, e é por essa via — e não por avaliação de gravidade caso a caso — que a moléstia produz o resultado sem proporcionalização. O § 13 do art. 30 remete as causas qualificadas à média do art. 24, que disciplina sobre que valor o cálculo incide.

Do enquadramento resulta a concessão de proventos calculados sobre a média disciplinada no art. 24 da Lei Complementar Estadual nº 1.100/2021, sem redução proporcional ao tempo de contribuição, na forma de cálculo vinculada a esta regra. Após a concessão, os proventos não se reajustam por paridade: o art. 27, inciso I, reserva esse regime a quem ingressou em cargo efetivo até 31 de dezembro de 2003, coorte a que esta regra não se aplica.",,AMBOS,S,Valor Médio,,incapacidade-lce1100-apos-2003-doenca-esclerose-multipla,incapacidade-lce1100-ingresso-apos-2003,regra-0021 regra-0022,elaboracao,N,
Incapacidade permanente · LCE 1.100 · ingresso após 2003 · surdez permanente · magistério · média integral · paridade N,APOSENTADORIA POR INVALIDEZ,,,,,N,,,,N,,,,,,31/12/2003 00:00,,18/10/2021 00:00,,,"No curso do processo administrativo, ficou demonstrado que o interessado era servidor titular de cargo efetivo e que se encontrava em estado de incapacidade permanente para o trabalho, decorrente de surdez permanente, cujo diagnóstico foi confirmado por junta médica oficial mediante laudo, exames e prontuários, e cotejado com o rol legal em vigor. Ficou demonstrado que o interessado foi acometido da doença depois de sua filiação ao regime próprio de previdência de Rondônia, requisito que o próprio parágrafo impõe a todas as moléstias que relaciona. Ficou demonstrado, também, que o interessado ocupava cargo de magistério, condição a que o inciso restringe esta moléstia. Ficou demonstrado, por fim, que o ingresso no serviço público em cargo efetivo se deu depois de 31 de dezembro de 2003 e que os requisitos foram implementados a partir de 18 de outubro de 2021.

A hipótese se extrai da conjugação dos dispositivos, e é a articulação entre eles que a completa. O art. 40, § 1º, inciso I, da Constituição Federal, na redação da Emenda Constitucional nº 103/2019, funda a aposentadoria por incapacidade permanente para o trabalho. O art. 30, caput, da Lei Complementar Estadual nº 1.100/2021 estabelece que essa aposentadoria é proporcional ao tempo de contribuição, mas excetua da proporcionalização a incapacidade decorrente de doença grave, contagiosa ou incurável — de modo que o enquadramento da moléstia não é detalhe classificatório: dele depende haver ou não redução no provento. Qual seja essa doença o caput não diz, e é o § 8º do mesmo artigo que fecha a hipótese, relacionando as moléstias assim consideradas e exigindo que o segurado tenha sido acometido após a filiação. É o art. 30, § 8º, inciso XVI que nomeia surdez permanente, e é por essa via — e não por avaliação de gravidade caso a caso — que a moléstia produz o resultado sem proporcionalização. O § 13 do art. 30 remete as causas qualificadas à média do art. 24, que disciplina sobre que valor o cálculo incide.

Do enquadramento resulta a concessão de proventos calculados sobre a média disciplinada no art. 24 da Lei Complementar Estadual nº 1.100/2021, sem redução proporcional ao tempo de contribuição, na forma de cálculo vinculada a esta regra. Após a concessão, os proventos não se reajustam por paridade: o art. 27, inciso I, reserva esse regime a quem ingressou em cargo efetivo até 31 de dezembro de 2003, coorte a que esta regra não se aplica.",,AMBOS,S,Valor Médio,,incapacidade-lce1100-apos-2003-doenca-surdez-permanente-magisterio,incapacidade-lce1100-ingresso-apos-2003,regra-0021 regra-0022,elaboracao,N,
Incapacidade permanente · LCE 1.100 · ingresso após 2003 · anomalia da fala · magistério · média integral · paridade N,APOSENTADORIA POR INVALIDEZ,,,,,N,,,,N,,,,,,31/12/2003 00:00,,18/10/2021 00:00,,,"No curso do processo administrativo, ficou demonstrado que o interessado era servidor titular de cargo efetivo e que se encontrava em estado de incapacidade permanente para o trabalho, decorrente de anomalia da fala, cujo diagnóstico foi confirmado por junta médica oficial mediante laudo, exames e prontuários, e cotejado com o rol legal em vigor. Ficou demonstrado que o interessado foi acometido da doença depois de sua filiação ao regime próprio de previdência de Rondônia, requisito que o próprio parágrafo impõe a todas as moléstias que relaciona. Ficou demonstrado, também, que o interessado ocupava cargo de magistério, condição a que o inciso restringe esta moléstia. Ficou demonstrado, por fim, que o ingresso no serviço público em cargo efetivo se deu depois de 31 de dezembro de 2003 e que os requisitos foram implementados a partir de 18 de outubro de 2021.

A hipótese se extrai da conjugação dos dispositivos, e é a articulação entre eles que a completa. O art. 40, § 1º, inciso I, da Constituição Federal, na redação da Emenda Constitucional nº 103/2019, funda a aposentadoria por incapacidade permanente para o trabalho. O art. 30, caput, da Lei Complementar Estadual nº 1.100/2021 estabelece que essa aposentadoria é proporcional ao tempo de contribuição, mas excetua da proporcionalização a incapacidade decorrente de doença grave, contagiosa ou incurável — de modo que o enquadramento da moléstia não é detalhe classificatório: dele depende haver ou não redução no provento. Qual seja essa doença o caput não diz, e é o § 8º do mesmo artigo que fecha a hipótese, relacionando as moléstias assim consideradas e exigindo que o segurado tenha sido acometido após a filiação. É o art. 30, § 8º, inciso XVI que nomeia anomalia da fala, e é por essa via — e não por avaliação de gravidade caso a caso — que a moléstia produz o resultado sem proporcionalização. O § 13 do art. 30 remete as causas qualificadas à média do art. 24, que disciplina sobre que valor o cálculo incide.

Do enquadramento resulta a concessão de proventos calculados sobre a média disciplinada no art. 24 da Lei Complementar Estadual nº 1.100/2021, sem redução proporcional ao tempo de contribuição, na forma de cálculo vinculada a esta regra. Após a concessão, os proventos não se reajustam por paridade: o art. 27, inciso I, reserva esse regime a quem ingressou em cargo efetivo até 31 de dezembro de 2003, coorte a que esta regra não se aplica.",,AMBOS,S,Valor Médio,,incapacidade-lce1100-apos-2003-doenca-anomalia-da-fala-magisterio,incapacidade-lce1100-ingresso-apos-2003,regra-0021 regra-0022,elaboracao,N,
Incapacidade permanente · LCE 1.100 · ingresso após 2003 · demais causas · média proporcional · sem paridade,APOSENTADORIA POR INVALIDEZ,,,,,N,,,,N,,,,,,01/01/2004 00:00,,18/10/2021 00:00,"No curso do processo administrativo, ficou demonstrado que o interessado era servidor titular de cargo efetivo e que se encontrava em estado de incapacidade permanente para o trabalho, apurada por junta médica oficial mediante laudo. Ficou demonstrado, ainda, que a incapacidade não decorreu de acidente em serviço, de moléstia profissional nem de moléstia relacionada no rol do art. 30, § 8º, da Lei Complementar Estadual nº 1.100/2021, exclusão que foi objeto de investigação própria — a apuração de eventual acidente, o exame do histórico ocupacional e o cotejo do diagnóstico com o rol —, e não de mero silêncio dos autos. Ficou demonstrado, por fim, que o ingresso no serviço público em cargo efetivo se deu depois de 31 de dezembro de 2003 e que os requisitos foram implementados a partir de 18 de outubro de 2021.

A hipótese se extrai da conjugação dos dispositivos, e é a articulação entre eles que a completa. O art. 40, § 1º, inciso I, da Constituição Federal, na redação da Emenda Constitucional nº 103/2019, funda a aposentadoria por incapacidade permanente para o trabalho. O art. 30, caput, da Lei Complementar Estadual nº 1.100/2021 fixa a regra e a exceção: os proventos são proporcionais ao tempo de contribuição, salvo se a incapacidade decorrer de acidente em serviço, moléstia profissional ou doença grave, contagiosa ou incurável. Esta regra é o ramo residual — aplica-se justamente quando nenhuma dessas causas se verifica —, e daí decorre que a exclusão precisa ser apurada, e não presumida do silêncio: é ela que distingue esta hipótese das qualificadas, e quem não a investiga concede provento reduzido a quem talvez tivesse direito ao integral. O § 14 do mesmo artigo remete esse cálculo ao art. 26, que aplica a fração de tempo, medida em dias, sobre a média disciplinada no art. 24.

Do enquadramento resulta a concessão de proventos proporcionais: sobre a média disciplinada no art. 24 da Lei Complementar Estadual nº 1.100/2021 incide a fração entre o tempo de contribuição e o tempo exigido, medida em dias na forma do art. 26, tudo na forma de cálculo vinculada a esta regra. Após a concessão, os proventos não se reajustam por paridade: o art. 27, inciso I, reserva esse regime a quem ingressou em cargo efetivo até 31 de dezembro de 2003, coorte a que esta regra não se aplica.",,,,AMBOS,N,Proporcionalidade Dias,,incapacidade-lce1100-apos-2003-causa-comum,incapacidade-lce1100-ingresso-apos-2003,regra-0021 regra-0022,elaboracao,N,
