,,,,,,,,,,,,,,,,,,,,,,,,,,,,,,,,,,,
NOME,TIPO DE BENEFICIO,ATUALMENTE NO SISTEMA,CICLO DE VALIDAÇÃO,VALIDADO PGE,VALIDADO PRESIDENCIA,SIMULAVEL,TIPO,APOS_ESPECIAL,TIPO_REMUN,PARIDADE,TabelaPontuacao,Requisitos da IN Nº 5/2020,Relatório p/ Reserva Remunerada por Idade ex-officio,ADICIONAL_INATIVIDADE,DATA_ADM_ATE,DATA_ADM_APOS,DATA_DIREITO_ATE,DATA_DIREITO_APOS,FUNDAMENTACAO_PROPORCIONAL,VISIVEL DTC PROPORCIONAL,FUNDAMENTACAO_INTEGRAL,VISIVEL DTC INTEGRAL,SEXO,INTEGRAL,TIPO_CALCULO,FUNDAMENTACAO,status_regra,motivo_inativacao,status_auditoria,auditado_por,auditado_em,atos_validacao,dispositivos,precedentes,disposicao_de_achados
"Invalidez · ingresso até 15/12/1998, requisitos antes de 15/12/1998 · Ambos · integral · paridade",APOSENTADORIA POR INVALIDEZ,TRUE,1º,FALSE,FALSE,N,CIVIL,N,,S,N,N,N,N,15/12/1998 00:00,01/01/1910 00:00,15/12/1998 00:00,01/01/1910 00:00,,N,"Art. 40, inciso I da Constituição Federal de 1988 em seu texto original",N,AMBOS,S,Valor Efetivo,,ativa,,importada,,,[],"[""/dispositivos/cf88/art-40-inc-i/original.md""]",[],"[{""achado"": ""/achados/achado-0020.md"", ""disposicao"": ""corrigida"", ""justificativa"": ""Corrigida pela renomeação do catálogo inteiro. Esta regra recebeu `nome` pelo padrão de facetas em ordem de anamnese — benefício, categoria especial, regime, e sexo quando gravado —, que é a resposta à questão 1 do achado (\""qual padrão adotar\""). A questão 4 dele — se a correção pertencia ao catálogo auditado da RFC 0004 em vez de a uma edição em `regra-*.md` — foi respondida pela coordenação em 2026-07-30: a auditoria está autorizada a alterar `nome`, e o registro está na Decisão 10 de `docs/analysis/decisoes-de-auditoria-2026-07-30.md`. Duas coisas que esta disposição **não** afirma: que o `P2_IGUALDADE_MATERIAL_ATIVA` sobre esta regra tenha sido tocado, se houver — `nome` está fora da chave material, e os sete grupos P2 do catálogo seguem idênticos, asseverados por teste; e que a padronização deva virar gate, que é a questão 2 do achado e segue aberta."", ""decidido_por"": ""franklinbaldo"", ""decidido_em"": ""2026-07-30""}]"
"Invalidez · ingresso até 15/12/1998, requisitos antes de 15/12/1998 · Ambos · proporcional · paridade",APOSENTADORIA POR INVALIDEZ,TRUE,1º,FALSE,FALSE,N,CIVIL,N,,S,N,N,N,N,15/12/1998 00:00,01/01/1910 00:00,15/12/1998 00:00,01/01/1910 00:00,,N,"Art. 40, inciso I da Constituição Federal de 1988 em seu texto original",N,AMBOS,N,Valor Efetivo,,ativa,,importada,,,[],"[""/dispositivos/cf88/art-40-inc-i/original.md""]",[],"[{""achado"": ""/achados/achado-0020.md"", ""disposicao"": ""corrigida"", ""justificativa"": ""Corrigida pela renomeação do catálogo inteiro. Esta regra recebeu `nome` pelo padrão de facetas em ordem de anamnese — benefício, categoria especial, regime, e sexo quando gravado —, que é a resposta à questão 1 do achado (\""qual padrão adotar\""). A questão 4 dele — se a correção pertencia ao catálogo auditado da RFC 0004 em vez de a uma edição em `regra-*.md` — foi respondida pela coordenação em 2026-07-30: a auditoria está autorizada a alterar `nome`, e o registro está na Decisão 10 de `docs/analysis/decisoes-de-auditoria-2026-07-30.md`. Duas coisas que esta disposição **não** afirma: que o `P2_IGUALDADE_MATERIAL_ATIVA` sobre esta regra tenha sido tocado, se houver — `nome` está fora da chave material, e os sete grupos P2 do catálogo seguem idênticos, asseverados por teste; e que a padronização deva virar gate, que é a questão 2 do achado e segue aberta."", ""decidido_por"": ""franklinbaldo"", ""decidido_em"": ""2026-07-30""}]"
"INVÁLIDA · Pensão · óbito a partir de 01/01/1969 e antes de 15/12/1998, ingresso até 15/12/1998 · paridade",PENSÃO POR MORTE,TRUE,1º,FALSE,FALSE,N,CIVIL,N,,S,N,N,N,N,15/12/1998 00:00,01/01/1910 00:00,15/12/1998 00:00,01/01/1969 00:00,,N,"Art. 40, §5º da Constituição Federal de 1988 em seu texto original",N,,,Não identificado,,ativa,,importada,,,[],[],[],[]
"INVÁLIDA · Invalidez · ingresso até 31/12/2003, requisitos a partir de 16/12/1998 e antes de 31/12/2003 · paridade",APOSENTADORIA POR INVALIDEZ,TRUE,1º,FALSE,FALSE,N,CIVIL,N,,S,N,N,N,N,31/12/2003 00:00,01/01/1910 00:00,31/12/2003 00:00,16/12/1998 00:00,"Art 40, §1º, I, da CF com redação da EC 20/98",N,"Art 40, §1º, I, da CF com redação da EC 20/98",N,,,Não identificado,,ativa,,importada,,,[],"[""/dispositivos/cf88/art-40-par-1-inc-i/ec-20-1998.md""]",[],[]
"INVÁLIDA · Pensão · óbito a partir de 16/12/1998 e antes de 31/12/2003, ingresso até 31/12/2003 · paridade",PENSÃO POR MORTE,TRUE,1º,FALSE,FALSE,N,CIVIL,N,,S,N,N,N,N,31/12/2003 00:00,01/01/1910 00:00,31/12/2003 00:00,16/12/1998 00:00,"Art. 40, §7º da CF/88 com redação dada pela EC 20/1998",N,"Art. 40, §7º da CF/88 com redação dada pela EC 20/1998",N,,,Não identificado,,ativa,,importada,,,[],[],[],[]
Invalidez · requisitos a partir de 31/12/2003 · Ambos · integral · média,APOSENTADORIA POR INVALIDEZ,TRUE,1º,FALSE,FALSE,S,CIVIL,N,,N,N,N,N,N,31/12/2099 00:00,01/01/1950 00:00,31/12/2099 00:00,31/12/2003 00:00,"Aposentadoria por incapacidade permanente, com proventos proporcionais ao tempo de contribuição e sem paridade, com base no artigo 40, § 1º, inciso I, da Constituição Federal, com redação dada pela Emenda Constitucional nº 41/2003, artigos 17, 20, caput, 45 e 62 da Lei Complementar Estadual nº 432/2008, artigo 4º da Emenda à Constituição Estadual nº 146/2021 e artigo 40, § 1°, inciso III, da Constituição Federal, com a redação dada pela Emenda Constitucional nº 103/2019 - fundamento incapacidade - LCE 432/08 (doença não catalogada com ingresso após 2003)",N,"Aposentadoria por incapacidade permanente, com proventos integrais (cálculo por média) e sem paridade, com base no artigo 40, § 1º, inciso I, da Constituição Federal, com redação dada pela Emenda Constitucional nº 41/2003, artigos 20, caput, 45 e 62 da Lei Complementar Estadual nº 432/2008, artigo 4º da Emenda à Constituição Estadual nº 146/2021 e artigo 40, § 1°, inciso III, da Constituição Federal, com a redação dada pela Emenda Constitucional nº 103/2019 - fundamento incapacidade - LCE 432/08 (acidente em serviço, moléstia profissional ou doença grave, contagiosa ou incurável com ingresso após 2003).",N,AMBOS,S,Valor Médio,,ativa,,importada,,,[],"[""/dispositivos/cf88/art-40-par-1-inc-i/ec-41-2003.md"", ""/dispositivos/cf88/art-40-par-1-inc-iii/ec-103-2019.md"", ""/dispositivos/ece-146-2021/art-4/original.md"", ""/dispositivos/lce-432-2008/art-17/original.md"", ""/dispositivos/lce-432-2008/art-20-caput/original.md"", ""/dispositivos/lce-432-2008/art-45/lce-672-2012.md"", ""/dispositivos/lce-432-2008/art-62/original.md""]",[],[]
Invalidez · requisitos a partir de 31/12/2003 · Ambos · proporcional · Proporcionalidade Dias,APOSENTADORIA POR INVALIDEZ,TRUE,1º,FALSE,FALSE,S,CIVIL,N,,N,N,N,N,N,31/12/2099 00:00,01/01/1950 00:00,31/12/2099 00:00,31/12/2003 00:00,"Aposentadoria por incapacidade permanente, com proventos proporcionais ao tempo de contribuição e sem paridade, com base no artigo 40, § 1º, inciso I, da Constituição Federal, com redação dada pela Emenda Constitucional nº 41/2003, artigos 17, 20, caput, 45 e 62 da Lei Complementar Estadual nº 432/2008, artigo 4º da Emenda à Constituição Estadual nº 146/2021 e artigo 40, § 1°, inciso III, da Constituição Federal, com a redação dada pela Emenda Constitucional nº 103/2019 - fundamento incapacidade - LCE 432/08 (doença não catalogada com ingresso após 2003)",N,"Aposentadoria por incapacidade permanente, com proventos integrais (cálculo por média) e sem paridade, com base no artigo 40, § 1º, inciso I, da Constituição Federal, com redação dada pela Emenda Constitucional nº 41/2003, artigos 20, caput, 45 e 62 da Lei Complementar Estadual nº 432/2008, artigo 4º da Emenda à Constituição Estadual nº 146/2021 e artigo 40, § 1°, inciso III, da Constituição Federal, com a redação dada pela Emenda Constitucional nº 103/2019 - fundamento incapacidade - LCE 432/08 (acidente em serviço, moléstia profissional ou doença grave, contagiosa ou incurável com ingresso após 2003).",N,AMBOS,N,Proporcionalidade Dias,"Art. 20, §14º e Art. 45 da Lei Complementar nº 432/2008",ativa,,importada,,,[],"[""/dispositivos/cf88/art-40-par-1-inc-i/ec-41-2003.md"", ""/dispositivos/cf88/art-40-par-1-inc-iii/ec-103-2019.md"", ""/dispositivos/ece-146-2021/art-4/original.md"", ""/dispositivos/lce-432-2008/art-17/original.md"", ""/dispositivos/lce-432-2008/art-20-caput/original.md"", ""/dispositivos/lce-432-2008/art-20-par-14/original.md"", ""/dispositivos/lce-432-2008/art-45/lce-672-2012.md"", ""/dispositivos/lce-432-2008/art-62/original.md""]",[],[]
"Invalidez · ingresso até 31/12/2003, requisitos a partir de 31/12/2003 · Ambos · integral · paridade",APOSENTADORIA POR INVALIDEZ,TRUE,1º,FALSE,FALSE,S,CIVIL,N,,S,N,N,N,N,31/12/2003 00:00,01/01/1950 00:00,31/12/2099 00:00,31/12/2003 00:00,"Aposentadoria por incapacidade permanente, com proventos proporcionais, calculados com base na última remuneração e com paridade, com fundamento no artigo 40, §1º, inciso I, da Constituição Federal, com redação dada pela Emenda Constitucional n. 41/2003, combinado com o artigo 20 da Lei Complementar n. 432/2008, no artigo 6º-A da Emenda Constitucional n. 41/03, com redação dada pela Emenda Constitucional n. 70/2012, bem como no artigo 4º da Emenda à Constituição Estadual nº 146/2021 - fundamento incapacidade - 6-A EC 41/03 (sem acidente em serviço, moléstia profissional ou doença grave, contagiosa ou incurável com ingresso antes de 2004)",N,"Aposentadoria por incapacidade permanente, com proventos integrais (cálculo por integralidade) e com paridade, com base no artigo 40, § 1°, inciso III, segunda parte, da Constituição Federal, com a redação dada pela Emenda Constitucional nº 103/2019, artigo 4º da Emenda à Constituição Estadual nº 146/2021, artigo 6º-A da Emenda Constitucional nº 41/2003, com redação dada pela Emenda Constitucional nº 70/2012 e artigo 20, caput, § 9º, da Lei Complementar Estadual nº 432/2008. (com acidente em serviço, moléstia profissional ou doença grave, contagiosa ou incurável com ingresso antes de 2004)",N,AMBOS,S,Remuneração de Contribuição,,ativa,,importada,,,[],"[""/dispositivos/cf88/art-40-par-1-inc-i/ec-41-2003.md"", ""/dispositivos/cf88/art-40-par-1-inc-iii/ec-103-2019.md"", ""/dispositivos/ec-41-2003/art-6a/ec-70-2012.md"", ""/dispositivos/ece-146-2021/art-4/original.md"", ""/dispositivos/lce-432-2008/art-20-caput/original.md"", ""/dispositivos/lce-432-2008/art-20-par-9/original.md"", ""/dispositivos/lce-432-2008/art-20/original.md""]",[],[]
"Invalidez · ingresso até 31/12/2003, requisitos a partir de 31/12/2003 · Ambos · proporcional · paridade",APOSENTADORIA POR INVALIDEZ,TRUE,1º,FALSE,FALSE,S,CIVIL,N,,S,N,N,N,N,31/12/2003 00:00,01/01/1950 00:00,31/12/2099 00:00,31/12/2003 00:00,"Aposentadoria por incapacidade permanente, com proventos proporcionais, calculados com base na última remuneração e com paridade, com fundamento no artigo 40, §1º, inciso I, da Constituição Federal, com redação dada pela Emenda Constitucional n. 41/2003, combinado com o artigo 20 da Lei Complementar n. 432/2008, no artigo 6º-A da Emenda Constitucional n. 41/03, com redação dada pela Emenda Constitucional n. 70/2012, bem como no artigo 4º da Emenda à Constituição Estadual nº 146/2021 - fundamento incapacidade - 6-A EC 41/03 (sem acidente em serviço, moléstia profissional ou doença grave, contagiosa ou incurável com ingresso antes de 2004)",N,"Aposentadoria por incapacidade permanente, com proventos integrais (cálculo por integralidade) e com paridade, com base no artigo 40, § 1°, inciso III, segunda parte, da Constituição Federal, com a redação dada pela Emenda Constitucional nº 103/2019, artigo 4º da Emenda à Constituição Estadual nº 146/2021, artigo 6º-A da Emenda Constitucional nº 41/2003, com redação dada pela Emenda Constitucional nº 70/2012 e artigo 20, caput, § 9º, da Lei Complementar Estadual nº 432/2008. (com acidente em serviço, moléstia profissional ou doença grave, contagiosa ou incurável com ingresso antes de 2004)",N,AMBOS,N,Remuneração de Contribuição,,ativa,,importada,,,[],"[""/dispositivos/cf88/art-40-par-1-inc-i/ec-41-2003.md"", ""/dispositivos/cf88/art-40-par-1-inc-iii/ec-103-2019.md"", ""/dispositivos/ec-41-2003/art-6a/ec-70-2012.md"", ""/dispositivos/ece-146-2021/art-4/original.md"", ""/dispositivos/lce-432-2008/art-20-caput/original.md"", ""/dispositivos/lce-432-2008/art-20-par-9/original.md"", ""/dispositivos/lce-432-2008/art-20/original.md""]",[],[]
"Pensão · óbito a partir de 31/12/2003 e antes de 31/12/2024, ingresso até 31/12/2003 · integral · paridade",PENSÃO POR MORTE,TRUE,1º,FALSE,FALSE,N,CIVIL,N,,S,N,N,N,N,31/12/2003 00:00,01/01/1950 00:00,31/12/2024 00:00,31/12/2003 00:00,art. 40 § 7º II da CF 88 C/C art. 6º-A § -unico da EC nº 41 com redação EC nº 70/12,N,art. 40 § 7º I da CF 88 C/C art. 6º-A § -unico da EC nº 41 com redação EC nº 70/12,N,AMBOS,S,Valor Efetivo mais 70% do que exceder do Teto RGPS,,ativa,,importada,,,[],"[""/dispositivos/cf88/art-40-par-7-inc-i/ec-41-2003.md"", ""/dispositivos/cf88/art-40-par-7-inc-ii/ec-41-2003.md"", ""/dispositivos/ec-41-2003/art-6a/ec-70-2012.md""]",[],[]
Pensão · óbito a partir de 31/12/2003 e antes de 31/12/2024 · integral · paridade,PENSÃO POR MORTE,TRUE,1º,FALSE,FALSE,N,CIVIL,N,,S,N,N,N,N,31/12/2099 00:00,01/01/1950 00:00,31/12/2024 00:00,31/12/2003 00:00,,N,"art. 40, § 7, I da CF/88 com redação da EC 41/2003 c/c art. 3º, § único da EC 47/2005",N,AMBOS,S,Valor Efetivo mais 70% do que exceder do Teto RGPS,,ativa,,importada,,,[],"[""/dispositivos/cf88/art-40-par-7-inc-i/ec-41-2003.md"", ""/dispositivos/ec-47-2005/art-3-par-unico/original.md""]",[],[]
Pensão · óbito a partir de 31/12/2003 e antes de 31/12/2024 · integral · Valor Efetivo mais 70% do que exceder do Teto RGPS · regra-0012,PENSÃO POR MORTE,TRUE,1º,FALSE,FALSE,N,CIVIL,N,,N,N,N,N,N,31/12/2099 00:00,01/01/1950 00:00,31/12/2024 00:00,31/12/2003 00:00,,N,"Pensão mensal, com fundamento nos artigos 10, I; 28, I; 30, II; 31, §§ 1º e 2º; 32, I e II, “a”, e § 1º; 33; 34, I a III, e § 2º; 38; e 62 da Lei Complementar Estadual nº 432/2008, com redação dada pela Lei Complementar Estadual nº 949/2017, bem como no artigo 4º da Emenda Constitucional Estadual nº 146/2021, artigo 40, § 7º, II, § 8º da Constituição Federal, com redação dada pela Emenda Constitucional nº 41/2003 e artigo 40, § 7º da Constituição Federal, com redação dada pela Emenda Constitucional nº 103/2019 - pensão vitalícia e temporária",N,AMBOS,S,Valor Efetivo mais 70% do que exceder do Teto RGPS,,ativa,,importada,,,[],"[""/dispositivos/cf88/art-40-par-7-inc-ii/ec-41-2003.md"", ""/dispositivos/cf88/art-40-par-7/ec-103-2019.md"", ""/dispositivos/cf88/art-40-par-8/ec-41-2003.md"", ""/dispositivos/ece-146-2021/art-4/original.md"", ""/dispositivos/lce-432-2008/art-10-inc-i/lce-949-2017.md"", ""/dispositivos/lce-432-2008/art-32-inc-ii-al-a/lce-949-2017.md"", ""/dispositivos/lce-432-2008/art-32-par-1/lce-949-2017.md"", ""/dispositivos/lce-432-2008/art-33/lce-949-2017.md"", ""/dispositivos/lce-432-2008/art-34-inc-i/lce-949-2017.md"", ""/dispositivos/lce-432-2008/art-34-par-2/lce-949-2017.md""]",[],[]
Pensão · óbito a partir de 31/12/2003 e antes de 31/12/2024 · integral · Valor Efetivo mais 70% do que exceder do Teto RGPS · regra-0013,PENSÃO POR MORTE,TRUE,1º,FALSE,FALSE,N,CIVIL,N,,N,N,N,N,N,31/12/2099 00:00,01/01/1950 00:00,31/12/2024 00:00,31/12/2003 00:00,,N,"Pensão mensal, com fundamento nos artigos 10, I; 28, I; 30, II; 31, §§ 1º e 2º; 32, I e II, “a”, e § 1º; 33; 34, I a III, e § 2º; 38; e 62 da Lei Complementar Estadual nº 432/2008, com redação dada pela Lei Complementar Estadual nº 949/2017, bem como no artigo 4º da Emenda Constitucional Estadual nº 146/2021, artigo 40, § 7º, II, § 8º da Constituição Federal, com redação dada pela Emenda Constitucional nº 41/2003 e artigo 40, § 7º da Constituição Federal, com redação dada pela Emenda Constitucional nº 103/2019 - pensão vitalícia e temporária",N,AMBOS,S,Valor Efetivo mais 70% do que exceder do Teto RGPS,,ativa,,importada,,,[],"[""/dispositivos/cf88/art-40-par-7-inc-ii/ec-41-2003.md"", ""/dispositivos/cf88/art-40-par-7/ec-103-2019.md"", ""/dispositivos/cf88/art-40-par-8/ec-41-2003.md"", ""/dispositivos/ece-146-2021/art-4/original.md"", ""/dispositivos/lce-432-2008/art-10-inc-i/lce-949-2017.md"", ""/dispositivos/lce-432-2008/art-32-inc-ii-al-a/lce-949-2017.md"", ""/dispositivos/lce-432-2008/art-32-par-1/lce-949-2017.md"", ""/dispositivos/lce-432-2008/art-33/lce-949-2017.md"", ""/dispositivos/lce-432-2008/art-34-inc-i/lce-949-2017.md"", ""/dispositivos/lce-432-2008/art-34-par-2/lce-949-2017.md""]",[],[]
"Pensão · óbito a partir de 01/01/2024, ingresso após 01/01/2004 · proporcional · Tipo Cálculo Nova Previdência Pensão por morte · regra-0014",PENSÃO POR MORTE,TRUE,1º,FALSE,FALSE,N,CIVIL,N,,N,N,N,N,N,31/12/2099 00:00,01/01/2004 00:00,31/12/2099 00:00,01/01/2024 00:00,,N,"Pensão mensal, com fundamento nos artigos 27, inciso I; 46, inciso I; 47, inciso I e II; 49; 50; 51, inciso I, II, III e VIII, alínea ""c"", todos da Lei Complementar Estadual nº 1.100/2021 e artigo 40, § 7º, da Constituição Federal, com redação dada pela Emenda Constitucional nº 103/2019 - pensão vitalícia e temporária",N,AMBOS,N,Tipo Cálculo Nova Previdência Pensão por morte,,ativa,,importada,,,[],"[""/dispositivos/cf88/art-40-par-7/ec-103-2019.md"", ""/dispositivos/lce-1100-2021/art-27-inc-i/original.md"", ""/dispositivos/lce-1100-2021/art-46-inc-i/original.md"", ""/dispositivos/lce-1100-2021/art-47-inc-i/original.md"", ""/dispositivos/lce-1100-2021/art-47-inc-ii/original.md"", ""/dispositivos/lce-1100-2021/art-49/original.md"", ""/dispositivos/lce-1100-2021/art-50/original.md"", ""/dispositivos/lce-1100-2021/art-51-inc-i/original.md"", ""/dispositivos/lce-1100-2021/art-51-inc-ii/original.md"", ""/dispositivos/lce-1100-2021/art-51-inc-iii/original.md"", ""/dispositivos/lce-1100-2021/art-51-inc-viii-al-c/original.md""]",[],[]
"Pensão · óbito a partir de 01/01/2024, ingresso após 01/01/2004 · proporcional · Tipo Cálculo Nova Previdência Pensão por morte · regra-0015",PENSÃO POR MORTE,TRUE,1º,FALSE,FALSE,N,CIVIL,N,,N,N,N,N,N,31/12/2099 00:00,01/01/2004 00:00,31/12/2099 00:00,01/01/2024 00:00,,N,"Pensão mensal, com fundamento nos artigos 27, inciso I; 46, inciso I; 47, inciso I e II; 49; 50; 51, inciso I, II, III e VIII, alínea ""c"", todos da Lei Complementar Estadual nº 1.100/2021 e artigo 40, § 7º, da Constituição Federal, com redação dada pela Emenda Constitucional nº 103/2019 - pensão vitalícia e temporária",N,AMBOS,N,Tipo Cálculo Nova Previdência Pensão por morte,,ativa,,importada,,,[],"[""/dispositivos/cf88/art-40-par-7/ec-103-2019.md"", ""/dispositivos/lce-1100-2021/art-27-inc-i/original.md"", ""/dispositivos/lce-1100-2021/art-46-inc-i/original.md"", ""/dispositivos/lce-1100-2021/art-47-inc-i/original.md"", ""/dispositivos/lce-1100-2021/art-47-inc-ii/original.md"", ""/dispositivos/lce-1100-2021/art-49/original.md"", ""/dispositivos/lce-1100-2021/art-50/original.md"", ""/dispositivos/lce-1100-2021/art-51-inc-i/original.md"", ""/dispositivos/lce-1100-2021/art-51-inc-ii/original.md"", ""/dispositivos/lce-1100-2021/art-51-inc-iii/original.md"", ""/dispositivos/lce-1100-2021/art-51-inc-viii-al-c/original.md""]",[],[]
"Pensão · óbito a partir de 01/01/2024, ingresso até 31/12/2003 · Masculino · proporcional · paridade",PENSÃO POR MORTE,TRUE,1º,FALSE,FALSE,N,CIVIL,N,,S,N,N,N,N,31/12/2003 00:00,01/01/1950 00:00,31/12/2099 00:00,01/01/2024 00:00,,N,"Pensão mensal, com fundamento nos artigos 27, inciso I; 46, inciso I; 47, inciso I e II; 49; 50; 51, inciso I, II, III e VIII, alínea ""c"", todos da Lei Complementar Estadual nº 1.100/2021 e artigo 40, § 7º, da Constituição Federal, com redação dada pela Emenda Constitucional nº 103/2019 - pensão vitalícia e temporária",N,MASCULINO,N,Tipo Cálculo Nova Previdência Pensão por morte,,ativa,,importada,,,[],"[""/dispositivos/cf88/art-40-par-7/ec-103-2019.md"", ""/dispositivos/lce-1100-2021/art-27-inc-i/original.md"", ""/dispositivos/lce-1100-2021/art-46-inc-i/original.md"", ""/dispositivos/lce-1100-2021/art-47-inc-i/original.md"", ""/dispositivos/lce-1100-2021/art-47-inc-ii/original.md"", ""/dispositivos/lce-1100-2021/art-49/original.md"", ""/dispositivos/lce-1100-2021/art-50/original.md"", ""/dispositivos/lce-1100-2021/art-51-inc-i/original.md"", ""/dispositivos/lce-1100-2021/art-51-inc-ii/original.md"", ""/dispositivos/lce-1100-2021/art-51-inc-iii/original.md"", ""/dispositivos/lce-1100-2021/art-51-inc-viii-al-c/original.md""]",[],"[{""achado"": ""/achados/achado-0056.md"", ""disposicao"": ""encaminhada"", ""decisao_pendente_de"": ""IPERON e a autoridade que promove o conjunto, a quem cabe a `decisao_completude` e o ato de ativação da `proposta-auditoria-2026-07`"", ""justificativa"": ""Conferência fechada contra as fontes transcritas, e o defeito é real nesta regra: os onze dispositivos que ela cita são os mesmos da `regra-0017` e da `regra-0018`, item a item, e nenhum deles diferencia por sexo — a única menção, no art. 51, II da LCE 1.100/2021, é cláusula equalizadora (\""de ambos os sexos\""), e trata do dependente, não do instituidor. Esta regra grava, em campo deployável, um critério de aferição que a articulação normativa que ela própria declara não sustenta. **A correção está decidida e escrita**: a coordenação optou pela revogação desta regra e da `regra-0017`, mantida a `regra-0018`, que já grava `AMBOS` e nunca afirmou o critério sem lastro. O delta está declarado em `revoga:` no conjunto `okf/conjuntos/proposta-auditoria-2026-07.md`, que o justifica por extenso — inclusive por que a alternativa de gravar `AMBOS` aqui foi descartada: alterar critério de regra legada muda a chave material do P2, e o estado conhecido do catálogo mudaria por efeito colateral de uma edição cujo propósito era outro. **O que resta não é da auditoria.** O conjunto é `proposto`, e a revogação só alcança o catálogo operado quando ele transitar a `vigente` — o que exige `decisao_completude` no nível do conjunto e ato de ativação, nenhum dos dois praticável por quem audita. Até lá esta regra segue no catálogo e no CSV derivado, e é por isso que a disposição é `encaminhada` e não `corrigida`: nada no produto mudou ainda. Duas coisas que esta disposição **não** afirma: que a legislação de pensão por morte não diferencie por sexo em lugar nenhum — o conferido é o conjunto citado por estas regras, e provisão pertinente pode existir sem estar declarada; e que o desdobramento tenha pretendido afirmar diferença jurídica, já que a granularidade da aferição é conveniência do IPERON e pode ter havido razão operacional que ninguém registrou."", ""decidido_por"": ""franklinbaldo"", ""decidido_em"": ""2026-07-30""}, {""achado"": ""/achados/achado-0020.md"", ""disposicao"": ""corrigida"", ""justificativa"": ""Corrigida pela renomeação do catálogo inteiro. Esta regra recebeu `nome` pelo padrão de facetas em ordem de anamnese — benefício, categoria especial, regime, e sexo quando gravado —, que é a resposta à questão 1 do achado (\""qual padrão adotar\""). A questão 4 dele — se a correção pertencia ao catálogo auditado da RFC 0004 em vez de a uma edição em `regra-*.md` — foi respondida pela coordenação em 2026-07-30: a auditoria está autorizada a alterar `nome`, e o registro está na Decisão 10 de `docs/analysis/decisoes-de-auditoria-2026-07-30.md`. Duas coisas que esta disposição **não** afirma: que o `P2_IGUALDADE_MATERIAL_ATIVA` sobre esta regra tenha sido tocado, se houver — `nome` está fora da chave material, e os sete grupos P2 do catálogo seguem idênticos, asseverados por teste; e que a padronização deva virar gate, que é a questão 2 do achado e segue aberta."", ""decidido_por"": ""franklinbaldo"", ""decidido_em"": ""2026-07-30""}]"
"Pensão · óbito a partir de 01/01/2024, ingresso até 31/12/2003 · Feminino · proporcional · paridade",PENSÃO POR MORTE,TRUE,1º,FALSE,FALSE,N,CIVIL,N,,S,N,N,N,N,31/12/2003 00:00,01/01/1950 00:00,31/12/2099 00:00,01/01/2024 00:00,,N,"Pensão mensal, com fundamento nos artigos 27, inciso I; 46, inciso I; 47, inciso I e II; 49; 50; 51, inciso I, II, III e VIII, alínea ""c"", todos da Lei Complementar Estadual nº 1.100/2021 e artigo 40, § 7º, da Constituição Federal, com redação dada pela Emenda Constitucional nº 103/2019 - pensão vitalícia e temporária",N,FEMININO,N,Tipo Cálculo Nova Previdência Pensão por morte,,ativa,,importada,,,[],"[""/dispositivos/cf88/art-40-par-7/ec-103-2019.md"", ""/dispositivos/lce-1100-2021/art-27-inc-i/original.md"", ""/dispositivos/lce-1100-2021/art-46-inc-i/original.md"", ""/dispositivos/lce-1100-2021/art-47-inc-i/original.md"", ""/dispositivos/lce-1100-2021/art-47-inc-ii/original.md"", ""/dispositivos/lce-1100-2021/art-49/original.md"", ""/dispositivos/lce-1100-2021/art-50/original.md"", ""/dispositivos/lce-1100-2021/art-51-inc-i/original.md"", ""/dispositivos/lce-1100-2021/art-51-inc-ii/original.md"", ""/dispositivos/lce-1100-2021/art-51-inc-iii/original.md"", ""/dispositivos/lce-1100-2021/art-51-inc-viii-al-c/original.md""]",[],"[{""achado"": ""/achados/achado-0056.md"", ""disposicao"": ""encaminhada"", ""decisao_pendente_de"": ""IPERON e a autoridade que promove o conjunto, a quem cabe a `decisao_completude` e o ato de ativação da `proposta-auditoria-2026-07`"", ""justificativa"": ""Conferência fechada contra as fontes transcritas, e o defeito é real nesta regra: os onze dispositivos que ela cita são os mesmos da `regra-0017` e da `regra-0018`, item a item, e nenhum deles diferencia por sexo — a única menção, no art. 51, II da LCE 1.100/2021, é cláusula equalizadora (\""de ambos os sexos\""), e trata do dependente, não do instituidor. Esta regra grava, em campo deployável, um critério de aferição que a articulação normativa que ela própria declara não sustenta. **A correção está decidida e escrita**: a coordenação optou pela revogação desta regra e da `regra-0017`, mantida a `regra-0018`, que já grava `AMBOS` e nunca afirmou o critério sem lastro. O delta está declarado em `revoga:` no conjunto `okf/conjuntos/proposta-auditoria-2026-07.md`, que o justifica por extenso — inclusive por que a alternativa de gravar `AMBOS` aqui foi descartada: alterar critério de regra legada muda a chave material do P2, e o estado conhecido do catálogo mudaria por efeito colateral de uma edição cujo propósito era outro. **O que resta não é da auditoria.** O conjunto é `proposto`, e a revogação só alcança o catálogo operado quando ele transitar a `vigente` — o que exige `decisao_completude` no nível do conjunto e ato de ativação, nenhum dos dois praticável por quem audita. Até lá esta regra segue no catálogo e no CSV derivado, e é por isso que a disposição é `encaminhada` e não `corrigida`: nada no produto mudou ainda. Duas coisas que esta disposição **não** afirma: que a legislação de pensão por morte não diferencie por sexo em lugar nenhum — o conferido é o conjunto citado por estas regras, e provisão pertinente pode existir sem estar declarada; e que o desdobramento tenha pretendido afirmar diferença jurídica, já que a granularidade da aferição é conveniência do IPERON e pode ter havido razão operacional que ninguém registrou."", ""decidido_por"": ""franklinbaldo"", ""decidido_em"": ""2026-07-30""}, {""achado"": ""/achados/achado-0020.md"", ""disposicao"": ""corrigida"", ""justificativa"": ""Corrigida pela renomeação do catálogo inteiro. Esta regra recebeu `nome` pelo padrão de facetas em ordem de anamnese — benefício, categoria especial, regime, e sexo quando gravado —, que é a resposta à questão 1 do achado (\""qual padrão adotar\""). A questão 4 dele — se a correção pertencia ao catálogo auditado da RFC 0004 em vez de a uma edição em `regra-*.md` — foi respondida pela coordenação em 2026-07-30: a auditoria está autorizada a alterar `nome`, e o registro está na Decisão 10 de `docs/analysis/decisoes-de-auditoria-2026-07-30.md`. Duas coisas que esta disposição **não** afirma: que o `P2_IGUALDADE_MATERIAL_ATIVA` sobre esta regra tenha sido tocado, se houver — `nome` está fora da chave material, e os sete grupos P2 do catálogo seguem idênticos, asseverados por teste; e que a padronização deva virar gate, que é a questão 2 do achado e segue aberta."", ""decidido_por"": ""franklinbaldo"", ""decidido_em"": ""2026-07-30""}]"
"Pensão · óbito a partir de 01/01/2024, ingresso até 31/12/2003 · proporcional · paridade",PENSÃO POR MORTE,TRUE,1º,FALSE,FALSE,N,CIVIL,N,,S,N,N,N,N,31/12/2003 00:00,01/01/1950 00:00,31/12/2099 00:00,01/01/2024 00:00,,N,"Pensão mensal, com fundamento nos artigos 27, inciso I; 46, inciso I; 47, inciso I e II; 49; 50; 51, inciso I, II, III e VIII, alínea ""c"", todos da Lei Complementar Estadual nº 1.100/2021 e artigo 40, § 7º, da Constituição Federal, com redação dada pela Emenda Constitucional nº 103/2019 - pensão vitalícia e temporária",N,AMBOS,N,Tipo Cálculo Nova Previdência Pensão por morte,,ativa,,importada,,,[],"[""/dispositivos/cf88/art-40-par-7/ec-103-2019.md"", ""/dispositivos/lce-1100-2021/art-27-inc-i/original.md"", ""/dispositivos/lce-1100-2021/art-46-inc-i/original.md"", ""/dispositivos/lce-1100-2021/art-47-inc-i/original.md"", ""/dispositivos/lce-1100-2021/art-47-inc-ii/original.md"", ""/dispositivos/lce-1100-2021/art-49/original.md"", ""/dispositivos/lce-1100-2021/art-50/original.md"", ""/dispositivos/lce-1100-2021/art-51-inc-i/original.md"", ""/dispositivos/lce-1100-2021/art-51-inc-ii/original.md"", ""/dispositivos/lce-1100-2021/art-51-inc-iii/original.md"", ""/dispositivos/lce-1100-2021/art-51-inc-viii-al-c/original.md""]",[],[]
"Incapacidade · ingresso até 31/12/2003, requisitos a partir de 23/10/2021 · Ambos · integral · paridade",APOSENTADORIA POR INCAPACIDADE PERMANENTE,TRUE,1º,FALSE,FALSE,N,CIVIL,N,,S,N,N,N,N,31/12/2003 00:00,01/01/1950 00:00,31/12/2099 00:00,23/10/2021 00:00,,N,"Aposentadoria por incapacidade permanente, com proventos integrais (cálculo por integralidade) e com paridade, com base no artigo 40, § 1º, inciso I, da Constituição Federal, com redação dada pela Emenda Constitucional n. 103/2019 e os artigos 25 e 27, inciso I e 30, §8°, da Lei Complementar Estadual nº 1.100/2021 - fundamento - incapacidade - LCE 1.100/2021 (acidente em serviço, moléstia profissional ou doença grave, contagiosa ou incurável, com ingresso antes de 2004)",N,AMBOS,S,Valor Efetivo,,ativa,,importada,,,[],"[""/dispositivos/cf88/art-40-par-1-inc-i/ec-103-2019.md"", ""/dispositivos/lce-1100-2021/art-25/original.md"", ""/dispositivos/lce-1100-2021/art-27-inc-i/original.md"", ""/dispositivos/lce-1100-2021/art-30-par-8/original.md""]",[],[]
"Incapacidade · ingresso até 31/12/2003, requisitos a partir de 23/10/2021 · Ambos · proporcional · paridade",APOSENTADORIA POR INCAPACIDADE PERMANENTE,TRUE,1º,FALSE,FALSE,N,CIVIL,N,,S,N,N,N,N,31/12/2003 00:00,01/01/1950 00:00,31/12/2099 00:00,23/10/2021 00:00,,N,"Aposentadoria por incapacidade permanente, com proventos integrais (cálculo por integralidade) e com paridade, com base no artigo 40, § 1º, inciso I, da Constituição Federal, com redação dada pela Emenda Constitucional n. 103/2019 e os artigos 25 e 27, inciso I e 30, §8°, da Lei Complementar Estadual nº 1.100/2021 - fundamento - incapacidade - LCE 1.100/2021 (acidente em serviço, moléstia profissional ou doença grave, contagiosa ou incurável, com ingresso antes de 2004)",N,AMBOS,N,Proporcionalidade Dias,,ativa,,importada,,,[],"[""/dispositivos/cf88/art-40-par-1-inc-i/ec-103-2019.md"", ""/dispositivos/lce-1100-2021/art-25/original.md"", ""/dispositivos/lce-1100-2021/art-27-inc-i/original.md"", ""/dispositivos/lce-1100-2021/art-30-par-8/original.md""]",[],"[{""achado"": ""/achados/achado-0020.md"", ""disposicao"": ""corrigida"", ""justificativa"": ""Corrigida pela renomeação do catálogo inteiro. Esta regra recebeu `nome` pelo padrão de facetas em ordem de anamnese — benefício, categoria especial, regime, e sexo quando gravado —, que é a resposta à questão 1 do achado (\""qual padrão adotar\""). A questão 4 dele — se a correção pertencia ao catálogo auditado da RFC 0004 em vez de a uma edição em `regra-*.md` — foi respondida pela coordenação em 2026-07-30: a auditoria está autorizada a alterar `nome`, e o registro está na Decisão 10 de `docs/analysis/decisoes-de-auditoria-2026-07-30.md`. Duas coisas que esta disposição **não** afirma: que o `P2_IGUALDADE_MATERIAL_ATIVA` sobre esta regra tenha sido tocado, se houver — `nome` está fora da chave material, e os sete grupos P2 do catálogo seguem idênticos, asseverados por teste; e que a padronização deva virar gate, que é a questão 2 do achado e segue aberta."", ""decidido_por"": ""franklinbaldo"", ""decidido_em"": ""2026-07-30""}]"
"Incapacidade · ingresso após 01/01/2004, requisitos a partir de 23/10/2021 · Ambos · proporcional · Proporcionalidade Dias",APOSENTADORIA POR INCAPACIDADE PERMANENTE,TRUE,1º,FALSE,FALSE,S,CIVIL,N,,N,N,N,N,N,31/12/2099 00:00,01/01/2004 00:00,31/12/2099 00:00,23/10/2021 00:00,,N,"Aposentadoria por incapacidade permanente, com proventos integrais (cálculo por média) e sem paridade, com base no artigo 40, § 1º, inciso I, da Constituição Federal, com redação dada pela Emenda Constitucional n. 103/2019 e os artigos 25 e 27, inciso I e 30, §§ 5° e 6º, da Lei Complementar Estadual nº 1.100/2021 (acidente em serviço com ingresso após 2003) | Aposentadoria por incapacidade permanente, com proventos integrais (cálculo por média) e sem paridade, com base no artigo 40, § 1º, inciso I, da Constituição Federal, com redação dada pela Emenda Constitucional n. 103/2019 e os artigos 25 e 27, inciso I e 30, §8°, da Lei Complementar Estadual nº 1.100/2021 (doença grave, contagiosa ou incurável, com ingresso após 2003) | Aposentadoria por incapacidade permanente, com proventos integrais (cálculo por média) e sem paridade, com base no artigo 40, § 1º, inciso I, da Constituição Federal, com redação dada pela Emenda Constitucional n. 103/2019 e os artigos 25 e 27, inciso I e 30, da Lei Complementar Estadual nº 1.100/2021 (moléstia profissional com ingresso após 2003)",N,AMBOS,N,Proporcionalidade Dias,,ativa,,importada,,,[],[],[],[]
"Incapacidade · ingresso após 01/01/2004, requisitos a partir de 23/10/2021 · Ambos · integral · média",APOSENTADORIA POR INCAPACIDADE PERMANENTE,TRUE,1º,FALSE,FALSE,S,CIVIL,N,,N,N,N,N,N,31/12/2099 00:00,01/01/2004 00:00,31/12/2099 00:00,23/10/2021 00:00,,N,"Aposentadoria por incapacidade permanente, com proventos integrais (cálculo por média) e sem paridade, com base no artigo 40, § 1º, inciso I, da Constituição Federal, com redação dada pela Emenda Constitucional n. 103/2019 e os artigos 25 e 27, inciso I e 30, §§ 5° e 6º, da Lei Complementar Estadual nº 1.100/2021 (acidente em serviço com ingresso após 2003) | Aposentadoria por incapacidade permanente, com proventos integrais (cálculo por média) e sem paridade, com base no artigo 40, § 1º, inciso I, da Constituição Federal, com redação dada pela Emenda Constitucional n. 103/2019 e os artigos 25 e 27, inciso I e 30, §8°, da Lei Complementar Estadual nº 1.100/2021 (doença grave, contagiosa ou incurável, com ingresso após 2003) | Aposentadoria por incapacidade permanente, com proventos integrais (cálculo por média) e sem paridade, com base no artigo 40, § 1º, inciso I, da Constituição Federal, com redação dada pela Emenda Constitucional n. 103/2019 e os artigos 25 e 27, inciso I e 30, da Lei Complementar Estadual nº 1.100/2021 (moléstia profissional com ingresso após 2003)",N,AMBOS,S,Valor Médio,,ativa,,importada,,,[],[],[],[]
"INVÁLIDA · Compulsória · ingresso até 16/12/1998, requisitos antes de 16/12/1998 · paridade",APOSENTADORIA COMPULSÓRIA,TRUE,2º,FALSE,FALSE,N,CIVIL,N,,S,N,N,N,N,16/12/1998 00:00,01/01/1910 00:00,16/12/1998 00:00,01/01/1910 00:00,"Art. 40, inciso II da Constituição Federal de 1988 em seu texto original",N,,N,,,Não identificado,,ativa,,importada,,,[],"[""/dispositivos/cf88/art-40-inc-ii/original.md""]",[],[]
"INVÁLIDA · Por idade · ingresso até 16/12/1998, requisitos antes de 16/12/1998 · paridade",APOSENTADORIA POR IDADE,TRUE,2º,FALSE,FALSE,N,CIVIL,N,,S,N,N,N,N,16/12/1998 00:00,01/01/1910 00:00,16/12/1998 00:00,01/01/1910 00:00,"Art. 40, inciso III, alínea ""d"" da Constituição Federal de 1988 em seu texto original",N,,N,,,Não identificado,,ativa,,importada,,,[],"[""/dispositivos/cf88/art-40-inc-iii-al-d/original.md""]",[],[]
"INVÁLIDA · Compulsória · ingresso até 31/12/2003, requisitos a partir de 16/12/1998 e antes de 31/12/2003 · paridade",APOSENTADORIA COMPULSÓRIA,TRUE,2º,FALSE,FALSE,N,CIVIL,N,,S,N,N,N,N,31/12/2003 00:00,01/01/1910 00:00,31/12/2003 00:00,16/12/1998 00:00,"Art 40, §1º, II, da CF com redação da EC 20/98",N,,N,,,Não identificado,,ativa,,revisada,franklinbaldo,2026-07-30,[],"[""/dispositivos/cf88/art-40-par-1-inc-ii/ec-20-1998.md"", ""/dispositivos/cf88/art-40-par-3/ec-20-1998.md""]",[],"[{""achado"": ""/achados/achado-0008.md"", ""disposicao"": ""encaminhada"", ""decisao_pendente_de"": ""IPERON, como titular do produto Sisprev"", ""justificativa"": ""Conferência fechada contra a fonte, e o que resta não é da auditoria. **São duas decisões distintas, e as duas pertencem ao IPERON por títulos diferentes** — daí um único `decisao_pendente_de` nomeá-lo como titular do produto, e não como dono de um campo. (1) **Preenchimento de campo deployável**: os dois campos vazios são lapso com valor conferido — `sexo: AMBOS` (o dispositivo não distingue sexo e a sucessora sob o mesmo inciso II grava AMBOS) e `integral: N` (\""proventos proporcionais\"", literal) —, e gravá-los é decisão de quem responde pelo produto, dentro dos domínios que já existem. (2) **Lacuna do domínio de `tipo_calculo`**: o valor `\""Não identificado\""` foi conferido contra o art. 40, § 3º na redação da EC 20/1998, transcrito nesta rodada — a base é a totalidade da remuneração do cargo efetivo reduzida à proporção do tempo de contribuição, e nenhum rótulo do domínio expressa isso. O valor descreve corretamente o estado do catálogo; criar o rótulo que falta é alteração de enum, isto é, **do sistema**, e não parametrização — fora do escopo desta auditoria por natureza, não por conveniência. A acusação sobre essa lacuna ainda não foi autorada como achado: pendência preservada de propósito."", ""decidido_por"": ""franklinbaldo"", ""decidido_em"": ""2026-07-30""}]"
"INVÁLIDA · Por idade · ingresso até 31/12/2003, requisitos a partir de 16/12/1998 e antes de 31/12/2003 · paridade",APOSENTADORIA POR IDADE,TRUE,2º,FALSE,FALSE,N,CIVIL,N,,S,N,N,N,N,31/12/2003 00:00,01/01/1910 00:00,31/12/2003 00:00,16/12/1998 00:00,"Art 40, §1º, III, alinea ""b"" da CF com redação da EC 20/98",N,,N,,,Não identificado,,ativa,,importada,,,[],"[""/dispositivos/cf88/art-40-par-1-inc-iii-al-b/ec-20-1998.md""]",[],[]
Compulsória · requisitos a partir de 31/12/2003 e antes de 03/12/2015 · Ambos · proporcional · Proporcionalidade Dias,APOSENTADORIA COMPULSÓRIA,TRUE,2º,FALSE,FALSE,S,CIVIL,N,,N,N,N,N,N,31/12/2099 00:00,01/01/1950 00:00,03/12/2015 00:00,31/12/2003 00:00,"Art. 40, § 1º, inciso II, da Constituição Federal, com redação dada pela Emenda Constitucional nº 88/2015; em conformidade com a Lei Complementar nº 152/2015, combinado com os artigos 17, 21, § 1º, 45 e 62 da Lei Complementar Estadual nº 432/2008, e com o artigo 4º da Emenda Constitucional Estadual nº 146/2021.",N,,N,AMBOS,N,Proporcionalidade Dias,,ativa,,importada,,,[],"[""/dispositivos/cf88/art-40-par-1-inc-ii/ec-88-2015.md"", ""/dispositivos/ece-146-2021/art-4/original.md"", ""/dispositivos/lce-432-2008/art-17/original.md"", ""/dispositivos/lce-432-2008/art-21-par-1/original.md"", ""/dispositivos/lce-432-2008/art-45/lce-672-2012.md"", ""/dispositivos/lce-432-2008/art-62/original.md""]",[],[]
Por idade · requisitos a partir de 31/12/2003 e antes de 31/12/2024 · Masculino · proporcional · Proporcionalidade Dias,APOSENTADORIA POR IDADE,TRUE,2º,FALSE,FALSE,S,CIVIL,N,,N,N,N,N,N,31/12/2099 00:00,01/01/1950 00:00,31/12/2024 00:00,31/12/2003 00:00,"Artigo 40, § 1º, inciso II da Constituição Federal, com redação dada pela Emenda Constitucional nº 41/2003, artigos 17, 45 e 62 da Lei Complementar Estadual nº 432/2008 e art. 1º Lei nº 10.887/2004",N,,N,MASCULINO,N,Proporcionalidade Dias,,ativa,,importada,,,[],"[""/dispositivos/lce-432-2008/art-17/original.md"", ""/dispositivos/lce-432-2008/art-45/lce-672-2012.md"", ""/dispositivos/lce-432-2008/art-62/original.md"", ""/dispositivos/lei-10887-2004/art-1/original.md""]",[],[]
Por idade · requisitos a partir de 31/12/2003 e antes de 31/12/2024 · Feminino · proporcional · Proporcionalidade Dias,APOSENTADORIA POR IDADE,TRUE,2º,FALSE,FALSE,S,CIVIL,N,,N,N,N,N,N,31/12/2099 00:00,01/01/1950 00:00,31/12/2024 00:00,31/12/2003 00:00,"Artigo 40, § 1º, inciso II da Constituição Federal, com redação dada pela Emenda Constitucional nº 41/2003, artigos 17, 45 e 62 da Lei Complementar Estadual nº 432/2008 e art. 1º Lei nº 10.887/2004",N,,N,FEMININO,N,Proporcionalidade Dias,,ativa,,importada,,,[],"[""/dispositivos/lce-432-2008/art-17/original.md"", ""/dispositivos/lce-432-2008/art-45/lce-672-2012.md"", ""/dispositivos/lce-432-2008/art-62/original.md"", ""/dispositivos/lei-10887-2004/art-1/original.md""]",[],[]
Compulsória · requisitos a partir de 04/12/2015 e antes de 31/12/2024 · Masculino · proporcional · Proporcionalidade Dias,APOSENTADORIA COMPULSÓRIA,TRUE,2º,FALSE,FALSE,S,CIVIL,N,,N,N,N,N,N,31/12/2099 00:00,01/01/1950 00:00,31/12/2024 00:00,04/12/2015 00:00,"Aposentadoria compulsória com proventos proporcionais ao tempo de contribuição, com base na média aritmética simples, e sem paridade, com base no artigo 40, § 1º, II, da Constituição Federal, com redação dada pela Emenda Constitucional nº 88/2015, artigo 2º da Lei Complementar nº 152/2015, artigos 24, 26, 27, inciso II, e 31 da Lei Complementar Estadual nº 1.100/2021.",N,,N,MASCULINO,N,Proporcionalidade Dias,,ativa,,importada,,,[],"[""/dispositivos/cf88/art-40-par-1-inc-ii/ec-88-2015.md"", ""/dispositivos/lc-152-2015/art-2/original.md"", ""/dispositivos/lce-1100-2021/art-24/original.md"", ""/dispositivos/lce-1100-2021/art-26/original.md"", ""/dispositivos/lce-1100-2021/art-27-inc-ii/original.md"", ""/dispositivos/lce-1100-2021/art-31/original.md""]",[],[]
Compulsória · requisitos a partir de 04/12/2015 e antes de 31/12/2024 · Feminino · proporcional · Proporcionalidade Dias,APOSENTADORIA COMPULSÓRIA,TRUE,2º,FALSE,FALSE,S,CIVIL,N,,N,N,N,N,N,31/12/2099 00:00,01/01/1950 00:00,31/12/2024 00:00,04/12/2015 00:00,"Aposentadoria compulsória com proventos proporcionais ao tempo de contribuição, com base na média aritmética simples, e sem paridade, com base no artigo 40, § 1º, II, da Constituição Federal, com redação dada pela Emenda Constitucional nº 88/2015, artigo 2º da Lei Complementar nº 152/2015, artigos 24, 26, 27, inciso II, e 31 da Lei Complementar Estadual nº 1.100/2021.",N,,N,FEMININO,N,Proporcionalidade Dias,,ativa,,importada,,,[],"[""/dispositivos/cf88/art-40-par-1-inc-ii/ec-88-2015.md"", ""/dispositivos/lc-152-2015/art-2/original.md"", ""/dispositivos/lce-1100-2021/art-24/original.md"", ""/dispositivos/lce-1100-2021/art-26/original.md"", ""/dispositivos/lce-1100-2021/art-27-inc-ii/original.md"", ""/dispositivos/lce-1100-2021/art-31/original.md""]",[],[]
Compulsória · requisitos a partir de 18/10/2021 · Ambos · proporcional · Tipo Cálculo Nova Previdência,APOSENTADORIA COMPULSÓRIA,TRUE,2º,FALSE,FALSE,S,CIVIL,N,,N,N,N,N,N,31/12/2099 00:00,01/01/1950 00:00,31/12/2099 00:00,18/10/2021 00:00,"Aposentadoria compulsória, com proventos proporcionais ao tempo de contribuição (média aritmética simples) e sem paridade, com base no artigo 40, § 1º, inciso II, da Constituição Federal, com redação dada pela Emenda Constitucional nº 88/2015; em conformidade com a Lei Complementar nº 152/2015, combinado com os artigos 17, 21, § 1º, 45 e 62 da Lei Complementar Estadual nº 432/2008, e com o artigo 4º da Emenda Constitucional Estadual nº 146/2021.",N,,N,AMBOS,N,Tipo Cálculo Nova Previdência,,ativa,,importada,,,[],"[""/dispositivos/cf88/art-40-par-1-inc-ii/ec-88-2015.md"", ""/dispositivos/ece-146-2021/art-4/original.md"", ""/dispositivos/lce-432-2008/art-17/original.md"", ""/dispositivos/lce-432-2008/art-21-par-1/original.md"", ""/dispositivos/lce-432-2008/art-45/lce-672-2012.md"", ""/dispositivos/lce-432-2008/art-62/original.md""]",[],[]
Por idade · Deficiência · pedido a partir de 18/10/2021 · Masculino · proporcional · média,APOSENTADORIA POR IDADE,TRUE,2º,FALSE,FALSE,S,CIVIL,S,,N,N,N,N,N,31/12/2099 00:00,01/01/1950 00:00,31/12/2099 00:00,18/10/2021 00:00,,N,"Aposentadoria voluntária de servidor com deficiência, com proventos integrais (cálculo por média) e sem paridade, com base no artigo 40, § 4º-A, da Constituição Federal, com redação dada pela Emenda Constitucional nº 103/2019, artigos 24, 27, II; 35, da Lei Complementar nº 1.100/2021 e artigo 40, § 1°, inciso III, segunda parte, da Constituição Federal, com a redação dada pela Emenda Constitucional nº 103/2019",N,MASCULINO,N,Valor Médio,,ativa,,importada,,,[],"[""/dispositivos/cf88/art-40-par-1-inc-iii/ec-103-2019.md"", ""/dispositivos/cf88/art-40-par-4a/ec-103-2019.md"", ""/dispositivos/lce-1100-2021/art-24/original.md"", ""/dispositivos/lce-1100-2021/art-27-inc-ii/original.md"", ""/dispositivos/lce-1100-2021/art-35/original.md""]",[],[]
Por idade · Deficiência · pedido a partir de 18/10/2021 · Feminino · proporcional · média,APOSENTADORIA POR IDADE,TRUE,2º,FALSE,FALSE,S,CIVIL,S,,N,N,N,N,N,31/12/2099 00:00,01/01/1950 00:00,31/12/2099 00:00,18/10/2021 00:00,,N,"Aposentadoria voluntária de servidor com deficiência, com proventos integrais (cálculo por média) e sem paridade, com base no artigo 40, § 4º-A, da Constituição Federal, com redação dada pela Emenda Constitucional nº 103/2019, artigos 24, 27, II; 35, da Lei Complementar nº 1.100/2021 e artigo 40, § 1°, inciso III, segunda parte, da Constituição Federal, com a redação dada pela Emenda Constitucional nº 103/2019",N,FEMININO,N,Valor Médio,,ativa,,importada,,,[],"[""/dispositivos/cf88/art-40-par-1-inc-iii/ec-103-2019.md"", ""/dispositivos/cf88/art-40-par-4a/ec-103-2019.md"", ""/dispositivos/lce-1100-2021/art-24/original.md"", ""/dispositivos/lce-1100-2021/art-27-inc-ii/original.md"", ""/dispositivos/lce-1100-2021/art-35/original.md""]",[],[]
"Voluntária · ingresso até 31/12/2003, pedido a partir de 18/10/2021 · Masculino · integral · paridade",APOSENTADORIA VOLUNTÁRIA POR TEMPO DE CONTRIBUIÇÃO,TRUE,3º,FALSE,FALSE,S,CIVIL,N,,S,N,N,N,N,31/12/2003 00:00,01/01/1950 00:00,31/12/2099 00:00,18/10/2021 00:00,,N,"Aposentadoria voluntária por idade e tempo de contribuição, com proventos integrais (cálculo por integralidade) e com paridade, com base no artigo 40, § 1°, inciso III, da Constituição Federal, com a redação dada pela Emenda Constitucional nº 103/2019, e artigos 25, 27, inciso I, e artigo 32, da Lei Complementar nº 1.100/2021.",N,MASCULINO,S,Remuneração de Contribuição,,ativa,,importada,,,[],"[""/dispositivos/cf88/art-40-par-1-inc-iii/ec-103-2019.md"", ""/dispositivos/lce-1100-2021/art-25/original.md"", ""/dispositivos/lce-1100-2021/art-27-inc-i/original.md"", ""/dispositivos/lce-1100-2021/art-32/original.md""]",[],"[{""achado"": ""/achados/achado-0029.md"", ""disposicao"": ""corrigida"", ""justificativa"": ""Corrigida pela renomeação do catálogo. Esta regra recebeu `nome` pelo padrão de facetas em ordem de anamnese, e as quatro que o achado alcança passaram a ter nomes distintos entre si — o `P1_NOME_REPETIDO` sobre elas deixou de ser emitido. A questão 1 do achado foi respondida na direção que ela apontava: o nome distingue pela **coorte de ingresso**, que é fato que o requerente traz à anamnese, e não pelo trilho de cálculo, que é consequência. O efeito lateral que o achado previa se confirmou — a `regra-0037` e a `regra-0038` gravam sentinela em `data_adm_ate`, de modo que o nome delas não tem a faceta de ingresso que as irmãs têm, e a lacuna registrada no `achado-0028` passa a se ler na própria lista. Esta disposição **não** afirma que aquela lacuna esteja resolvida: ela segue sendo daquele achado."", ""decidido_por"": ""franklinbaldo"", ""decidido_em"": ""2026-07-30""}]"
"Voluntária · ingresso até 31/12/2003, pedido a partir de 18/10/2021 · Feminino · integral · paridade",APOSENTADORIA VOLUNTÁRIA POR TEMPO DE CONTRIBUIÇÃO,TRUE,3º,FALSE,FALSE,S,CIVIL,N,,S,N,N,N,N,31/12/2003 00:00,01/01/1950 00:00,31/12/2099 00:00,18/10/2021 00:00,,N,"Aposentadoria voluntária por idade e tempo de contribuição, com proventos integrais (cálculo por integralidade) e com paridade, com base no artigo 40, § 1°, inciso III, da Constituição Federal, com a redação dada pela Emenda Constitucional nº 103/2019, e artigos 25, 27, inciso I, e artigo 32, da Lei Complementar nº 1.100/2021.",N,FEMININO,S,Remuneração de Contribuição,,ativa,,importada,,,[],"[""/dispositivos/cf88/art-40-par-1-inc-iii/ec-103-2019.md"", ""/dispositivos/lce-1100-2021/art-25/original.md"", ""/dispositivos/lce-1100-2021/art-27-inc-i/original.md"", ""/dispositivos/lce-1100-2021/art-32/original.md""]",[],"[{""achado"": ""/achados/achado-0029.md"", ""disposicao"": ""corrigida"", ""justificativa"": ""Corrigida pela renomeação do catálogo. Esta regra recebeu `nome` pelo padrão de facetas em ordem de anamnese, e as quatro que o achado alcança passaram a ter nomes distintos entre si — o `P1_NOME_REPETIDO` sobre elas deixou de ser emitido. A questão 1 do achado foi respondida na direção que ela apontava: o nome distingue pela **coorte de ingresso**, que é fato que o requerente traz à anamnese, e não pelo trilho de cálculo, que é consequência. O efeito lateral que o achado previa se confirmou — a `regra-0037` e a `regra-0038` gravam sentinela em `data_adm_ate`, de modo que o nome delas não tem a faceta de ingresso que as irmãs têm, e a lacuna registrada no `achado-0028` passa a se ler na própria lista. Esta disposição **não** afirma que aquela lacuna esteja resolvida: ela segue sendo daquele achado."", ""decidido_por"": ""franklinbaldo"", ""decidido_em"": ""2026-07-30""}]"
Voluntária · pedido a partir de 18/10/2021 · Masculino · integral · média,APOSENTADORIA VOLUNTÁRIA POR TEMPO DE CONTRIBUIÇÃO,TRUE,3º,FALSE,FALSE,S,CIVIL,N,,N,N,N,N,N,31/12/2099 00:00,01/01/1910 00:00,31/12/2099 00:00,18/10/2021 00:00,,N,"Aposentadoria voluntária por idade e tempo de contribuição, com proventos integrais (cálculo por média) e sem paridade, com base no artigo 40, § 1°, inciso III, da Constituição Federal, com a redação dada pela Emenda Constitucional nº 103/2019, e artigos 24, 27, inciso II, e artigo 32, da Lei Complementar nº 1.100/2021.",N,MASCULINO,S,Valor Médio,Art. 24 da Lei Complementar 1.100 de 18 de outubro de 2021,ativa,,importada,,,[],"[""/dispositivos/cf88/art-40-par-1-inc-iii/ec-103-2019.md"", ""/dispositivos/lce-1100-2021/art-24/original.md"", ""/dispositivos/lce-1100-2021/art-27-inc-ii/original.md"", ""/dispositivos/lce-1100-2021/art-32/original.md""]",[],"[{""achado"": ""/achados/achado-0029.md"", ""disposicao"": ""corrigida"", ""justificativa"": ""Corrigida pela renomeação do catálogo. Esta regra recebeu `nome` pelo padrão de facetas em ordem de anamnese, e as quatro que o achado alcança passaram a ter nomes distintos entre si — o `P1_NOME_REPETIDO` sobre elas deixou de ser emitido. A questão 1 do achado foi respondida na direção que ela apontava: o nome distingue pela **coorte de ingresso**, que é fato que o requerente traz à anamnese, e não pelo trilho de cálculo, que é consequência. O efeito lateral que o achado previa se confirmou — a `regra-0037` e a `regra-0038` gravam sentinela em `data_adm_ate`, de modo que o nome delas não tem a faceta de ingresso que as irmãs têm, e a lacuna registrada no `achado-0028` passa a se ler na própria lista. Esta disposição **não** afirma que aquela lacuna esteja resolvida: ela segue sendo daquele achado."", ""decidido_por"": ""franklinbaldo"", ""decidido_em"": ""2026-07-30""}]"
Voluntária · pedido a partir de 18/10/2021 · Feminino · integral · média,APOSENTADORIA VOLUNTÁRIA POR TEMPO DE CONTRIBUIÇÃO,TRUE,3º,FALSE,FALSE,S,CIVIL,N,,N,N,N,N,N,31/12/2099 00:00,01/01/1910 00:00,31/12/2099 00:00,18/10/2021 00:00,,N,"Aposentadoria voluntária por idade e tempo de contribuição, com proventos integrais (cálculo por média) e sem paridade, com base no artigo 40, § 1°, inciso III, da Constituição Federal, com a redação dada pela Emenda Constitucional nº 103/2019, e artigos 24, 27, inciso II, e artigo 32, da Lei Complementar nº 1.100/2021.",N,FEMININO,S,Valor Médio,,ativa,,importada,,,[],"[""/dispositivos/cf88/art-40-par-1-inc-iii/ec-103-2019.md"", ""/dispositivos/lce-1100-2021/art-24/original.md"", ""/dispositivos/lce-1100-2021/art-27-inc-ii/original.md"", ""/dispositivos/lce-1100-2021/art-32/original.md""]",[],"[{""achado"": ""/achados/achado-0029.md"", ""disposicao"": ""corrigida"", ""justificativa"": ""Corrigida pela renomeação do catálogo. Esta regra recebeu `nome` pelo padrão de facetas em ordem de anamnese, e as quatro que o achado alcança passaram a ter nomes distintos entre si — o `P1_NOME_REPETIDO` sobre elas deixou de ser emitido. A questão 1 do achado foi respondida na direção que ela apontava: o nome distingue pela **coorte de ingresso**, que é fato que o requerente traz à anamnese, e não pelo trilho de cálculo, que é consequência. O efeito lateral que o achado previa se confirmou — a `regra-0037` e a `regra-0038` gravam sentinela em `data_adm_ate`, de modo que o nome delas não tem a faceta de ingresso que as irmãs têm, e a lacuna registrada no `achado-0028` passa a se ler na própria lista. Esta disposição **não** afirma que aquela lacuna esteja resolvida: ela segue sendo daquele achado."", ""decidido_por"": ""franklinbaldo"", ""decidido_em"": ""2026-07-30""}]"
"Voluntária · Magistério · ingresso após 31/12/2003, pedido a partir de 18/10/2021 · Masculino · proporcional · média",APOSENTADORIA VOLUNTÁRIA POR TEMPO DE CONTRIBUIÇÃO,TRUE,3º,FALSE,FALSE,S,CIVIL,S,,N,N,N,N,N,31/12/2099 00:00,31/12/2003 00:00,31/12/2099 00:00,18/10/2021 00:00,,N,"Aposentadoria especial de professor, com proventos integrais (cálculo por média) e sem paridade, com base no artigo 40, §1º, inciso III, alínea “a” e §5º, da Constituição Federal, com redação dada pela Emenda Constitucional nº 20/1998, quanto ao preenchimento dos requisitos de aposentadoria; artigo 40, §§ 3º e 8º com redação dada pela Emenda Constitucional nº 41/2003, no que tange à fórmula de cálculo e reajuste; artigos 24, 45 e 62 da Lei Complementar Estadual nº 432/2008, e no artigo 4º da Emenda Constitucional Estadual nº 146/2021.",N,MASCULINO,N,Valor Médio,,ativa,,importada,,,[],"[""/dispositivos/cf88/art-40-par-1-inc-iii-al-a/ec-20-1998.md"", ""/dispositivos/cf88/art-40-par-5/ec-20-1998.md"", ""/dispositivos/ece-146-2021/art-4/original.md"", ""/dispositivos/lce-432-2008/art-24/original.md"", ""/dispositivos/lce-432-2008/art-45/lce-672-2012.md"", ""/dispositivos/lce-432-2008/art-62/original.md""]",[],[]
"Voluntária · Magistério · ingresso após 31/12/2003, pedido a partir de 18/10/2021 · Feminino · proporcional · média",APOSENTADORIA VOLUNTÁRIA POR TEMPO DE CONTRIBUIÇÃO,TRUE,3º,FALSE,FALSE,S,CIVIL,S,,N,N,N,N,N,31/12/2099 00:00,31/12/2003 00:00,31/12/2099 00:00,18/10/2021 00:00,,N,"Aposentadoria especial de professor, com proventos integrais (cálculo por média) e sem paridade, com base no artigo 40, §1º, inciso III, alínea “a” e §5º, da Constituição Federal, com redação dada pela Emenda Constitucional nº 20/1998, quanto ao preenchimento dos requisitos de aposentadoria; artigo 40, §§ 3º e 8º com redação dada pela Emenda Constitucional nº 41/2003, no que tange à fórmula de cálculo e reajuste; artigos 24, 45 e 62 da Lei Complementar Estadual nº 432/2008, e no artigo 4º da Emenda Constitucional Estadual nº 146/2021.",N,FEMININO,N,Valor Médio,,ativa,,importada,,,[],"[""/dispositivos/cf88/art-40-par-1-inc-iii-al-a/ec-20-1998.md"", ""/dispositivos/cf88/art-40-par-5/ec-20-1998.md"", ""/dispositivos/ece-146-2021/art-4/original.md"", ""/dispositivos/lce-432-2008/art-24/original.md"", ""/dispositivos/lce-432-2008/art-45/lce-672-2012.md"", ""/dispositivos/lce-432-2008/art-62/original.md""]",[],[]
"Voluntária · Magistério · ingresso até 31/12/2003, pedido a partir de 18/10/2021 · Masculino · integral · paridade",APOSENTADORIA VOLUNTÁRIA POR TEMPO DE CONTRIBUIÇÃO,TRUE,3º,FALSE,FALSE,S,CIVIL,S,,S,N,N,N,N,31/12/2003 00:00,01/01/1950 00:00,31/12/2099 00:00,18/10/2021 00:00,,N,"Aposentadoria especial de professor, com proventos integrais (cálculo por integralidade) e com paridade, com base no artigo 40, § 5°, da Constituição Federal, com redação dada pela Emenda Constitucional nº 103/2019, artigos 25, 27, I; 33, da Lei Complementar nº 1.100/2021 e artigo 40, § 1°, inciso III, segunda parte, da Constituição Federal, com a redação dada pela Emenda Constitucional nº 103/2019 - regra permanente da aposentadoria especial de professor.",N,MASCULINO,S,Remuneração de Contribuição,,ativa,,importada,,,[],"[""/dispositivos/cf88/art-40-par-1-inc-iii/ec-103-2019.md"", ""/dispositivos/cf88/art-40-par-5/ec-103-2019.md"", ""/dispositivos/lce-1100-2021/art-25/original.md"", ""/dispositivos/lce-1100-2021/art-27-inc-i/original.md"", ""/dispositivos/lce-1100-2021/art-33/original.md""]",[],[]
"Voluntária · Magistério · ingresso até 31/12/2003, pedido a partir de 18/10/2021 · Feminino · integral · paridade",APOSENTADORIA VOLUNTÁRIA POR TEMPO DE CONTRIBUIÇÃO,TRUE,3º,FALSE,FALSE,S,CIVIL,S,,S,N,N,N,N,31/12/2003 00:00,01/01/1950 00:00,31/12/2099 00:00,18/10/2021 00:00,,N,"Aposentadoria especial de professor, com proventos integrais (cálculo por integralidade) e com paridade, com base no artigo 40, § 5°, da Constituição Federal, com redação dada pela Emenda Constitucional nº 103/2019, artigos 25, 27, I; 33, da Lei Complementar nº 1.100/2021 e artigo 40, § 1°, inciso III, segunda parte, da Constituição Federal, com a redação dada pela Emenda Constitucional nº 103/2019 - regra permanente da aposentadoria especial de professor.",N,FEMININO,S,Remuneração de Contribuição,,ativa,,importada,,,[],"[""/dispositivos/cf88/art-40-par-1-inc-iii/ec-103-2019.md"", ""/dispositivos/cf88/art-40-par-5/ec-103-2019.md"", ""/dispositivos/lce-1100-2021/art-25/original.md"", ""/dispositivos/lce-1100-2021/art-27-inc-i/original.md"", ""/dispositivos/lce-1100-2021/art-33/original.md""]",[],[]
"Voluntária · ingresso até 31/12/2003, pedido a partir de 14/09/2021 · Masculino · integral · paridade",APOSENTADORIA VOLUNTÁRIA POR TEMPO DE CONTRIBUIÇÃO,TRUE,3º,FALSE,FALSE,S,CIVIL,N,,S,N,N,N,N,31/12/2003 00:00,01/01/1950 00:00,31/12/2099 00:00,14/09/2021 00:00,,N,"Aposentadoria voluntária por idade e tempo de contribuição, com proventos integrais (cálculo por integralidade) e com paridade, com base no artigo 6º, § 2º, I, e § 3°, I, da EC nº 146/2021, e artigo 40, § 1°, inciso III, segunda parte, da Constituição Federal, com a redação dada pela Emenda Constitucional nº 103/2019 - REGRA TRANSITÓRIA - EMENDA ESTADUAL",N,MASCULINO,S,Remuneração de Contribuição,"Art. 6º, § 2º, I, da EC 146/2021 (cálculo por integralidade e paridade remuneratória)",ativa,,importada,,,[],"[""/dispositivos/cf88/art-40-par-1-inc-iii/ec-103-2019.md"", ""/dispositivos/ece-146-2021/art-6-par-2-inc-i/original.md"", ""/dispositivos/ece-146-2021/art-6-par-3-inc-i/original.md""]",[],[]
"Voluntária · ingresso até 31/12/2003, pedido a partir de 14/09/2021 · Feminino · integral · paridade",APOSENTADORIA VOLUNTÁRIA POR TEMPO DE CONTRIBUIÇÃO,TRUE,3º,FALSE,FALSE,S,CIVIL,N,,S,N,N,N,N,31/12/2003 00:00,01/01/1950 00:00,31/12/2099 00:00,14/09/2021 00:00,,N,"Aposentadoria voluntária por idade e tempo de contribuição, com proventos integrais (cálculo por integralidade) e com paridade, com base no artigo 6º, § 2º, I, e § 3°, I, da EC nº 146/2021, e artigo 40, § 1°, inciso III, segunda parte, da Constituição Federal, com a redação dada pela Emenda Constitucional nº 103/2019 - REGRA TRANSITÓRIA - EMENDA ESTADUAL",N,FEMININO,S,Remuneração de Contribuição,,ativa,,importada,,,[],"[""/dispositivos/cf88/art-40-par-1-inc-iii/ec-103-2019.md"", ""/dispositivos/ece-146-2021/art-6-par-2-inc-i/original.md"", ""/dispositivos/ece-146-2021/art-6-par-3-inc-i/original.md""]",[],[]
"Voluntária · Magistério · ingresso até 31/12/2003, pedido a partir de 14/09/2021 · Masculino · integral · paridade",APOSENTADORIA VOLUNTÁRIA POR TEMPO DE CONTRIBUIÇÃO,TRUE,3º,FALSE,FALSE,S,CIVIL,S,,S,N,N,N,N,31/12/2003 00:00,01/01/1950 00:00,31/12/2099 00:00,14/09/2021 00:00,,N,"Aposentadoria especial de professor, com proventos integrais (cálculo por integralidade) e com paridade, com base no artigo 6º, §§ 1° e 2°, inciso I, e § 3º, I, da Emenda Constitucional Estadual nº 146/2021, e artigo 40, §5°, da Constituição Federal, com a redação dada pela Emenda Constitucional nº 103/2019.",N,MASCULINO,S,Remuneração de Contribuição,"Art. 6º, §2º, I, da EC 146/2021 (cálculo por integralidade e paridade remuneratória)",ativa,,importada,,,[],"[""/dispositivos/cf88/art-40-par-5/ec-103-2019.md"", ""/dispositivos/ece-146-2021/art-6-par-1/original.md"", ""/dispositivos/ece-146-2021/art-6-par-2-inc-i/original.md"", ""/dispositivos/ece-146-2021/art-6-par-3-inc-i/original.md""]",[],[]
"Voluntária · Magistério · ingresso até 31/12/2003, pedido a partir de 14/09/2021 · Feminino · integral · paridade",APOSENTADORIA VOLUNTÁRIA POR TEMPO DE CONTRIBUIÇÃO,TRUE,3º,FALSE,FALSE,S,CIVIL,S,,S,N,N,N,N,31/12/2003 00:00,01/01/1950 00:00,31/12/2099 00:00,14/09/2021 00:00,,N,"Aposentadoria especial de professor, com proventos integrais (cálculo por integralidade) e com paridade, com base no artigo 6º, §§ 1° e 2°, inciso I, e § 3º, I, da Emenda Constitucional Estadual nº 146/2021, e artigo 40, §5°, da Constituição Federal, com a redação dada pela Emenda Constitucional nº 103/2019.",N,FEMININO,S,Remuneração de Contribuição,"Art. 6º, §2º, I, da EC 146/2021 (cálculo por integralidade e paridade remuneratória)",ativa,,importada,,,[],"[""/dispositivos/cf88/art-40-par-5/ec-103-2019.md"", ""/dispositivos/ece-146-2021/art-6-par-1/original.md"", ""/dispositivos/ece-146-2021/art-6-par-2-inc-i/original.md"", ""/dispositivos/ece-146-2021/art-6-par-3-inc-i/original.md""]",[],[]
"Voluntária · ingresso até 14/09/2021, pedido a partir de 14/09/2021 · Masculino · integral · média",APOSENTADORIA VOLUNTÁRIA POR TEMPO DE CONTRIBUIÇÃO,TRUE,3º,FALSE,FALSE,S,CIVIL,N,,N,N,N,N,N,14/09/2021 00:00,01/01/1950 00:00,31/12/2099 00:00,14/09/2021 00:00,,N,"Aposentadoria voluntária por idade e tempo de contribuição, com proventos integrais (cálculo por média) e sem paridade, com base no artigo 6º, § 2º, II, e § 3°, II, da EC nº 146/2021, e artigo 40, § 1°, inciso III, segunda parte, da Constituição Federal, com a redação dada pela Emenda Constitucional nº 103/2019 - REGRA TRANSITÓRIA - EMENDA ESTADUAL",N,MASCULINO,S,Valor Médio,"Art. 6º, §2º, II da EC 146/2021 (cálculo pela média das 80% maiores remunerações e sem paridade remuneratória).",ativa,,importada,,,[],"[""/dispositivos/cf88/art-40-par-1-inc-iii/ec-103-2019.md"", ""/dispositivos/ece-146-2021/art-6-par-2-inc-ii/original.md"", ""/dispositivos/ece-146-2021/art-6-par-3-inc-ii/original.md""]",[],[]
"Voluntária · ingresso até 14/09/2021, pedido a partir de 14/09/2021 · Feminino · integral · média",APOSENTADORIA VOLUNTÁRIA POR TEMPO DE CONTRIBUIÇÃO,TRUE,3º,FALSE,FALSE,S,CIVIL,N,,N,N,N,N,N,14/09/2021 00:00,01/01/1950 00:00,31/12/2099 00:00,14/09/2021 00:00,,N,"Aposentadoria voluntária por idade e tempo de contribuição, com proventos integrais (cálculo por média) e sem paridade, com base no artigo 6º, § 2º, II, e § 3°, II, da EC nº 146/2021, e artigo 40, § 1°, inciso III, segunda parte, da Constituição Federal, com a redação dada pela Emenda Constitucional nº 103/2019 - REGRA TRANSITÓRIA - EMENDA ESTADUAL",N,FEMININO,S,Valor Médio,"Art. 6º, §2º, II da EC 146/2021 (cálculo pela média das 80% maiores remunerações e sem paridade remuneratória).",ativa,,importada,,,[],"[""/dispositivos/cf88/art-40-par-1-inc-iii/ec-103-2019.md"", ""/dispositivos/ece-146-2021/art-6-par-2-inc-ii/original.md"", ""/dispositivos/ece-146-2021/art-6-par-3-inc-ii/original.md""]",[],[]
"Voluntária · Magistério · ingresso até 14/06/2021, pedido a partir de 14/09/2021 · Masculino · integral · média",APOSENTADORIA VOLUNTÁRIA POR TEMPO DE CONTRIBUIÇÃO,TRUE,3º,FALSE,FALSE,S,CIVIL,S,,N,N,N,N,N,14/06/2021 00:00,01/01/1950 00:00,31/12/2099 00:00,14/09/2021 00:00,,N,"Aposentadoria especial de professor, com proventos integrais (cálculo por média) e sem paridade, com base no artigo 6º, §§ 1° e 2°, inciso II, e § 3º, II, da Emenda Constitucional Estadual nº 146/2021, e artigo 40, §5°, da Constituição Federal, com a redação dada pela Emenda Constitucional nº 103/2019.",N,MASCULINO,S,Valor Médio,"Art. 6º, §2º, II da EC 146/2021 (cálculo pela média das 80% maiores remunerações e sem paridade remuneratória)",ativa,,importada,,,[],"[""/dispositivos/cf88/art-40-par-5/ec-103-2019.md"", ""/dispositivos/ece-146-2021/art-6-par-1/original.md"", ""/dispositivos/ece-146-2021/art-6-par-2-inc-ii/original.md"", ""/dispositivos/ece-146-2021/art-6-par-3-inc-ii/original.md""]",[],[]
"Voluntária · Magistério · ingresso até 14/06/2021, pedido a partir de 14/09/2021 · Feminino · integral · média",APOSENTADORIA VOLUNTÁRIA POR TEMPO DE CONTRIBUIÇÃO,TRUE,3º,FALSE,FALSE,S,CIVIL,S,,N,N,N,N,N,14/06/2021 00:00,01/01/1950 00:00,31/12/2099 00:00,14/09/2021 00:00,,N,"Aposentadoria especial de professor, com proventos integrais (cálculo por média) e sem paridade, com base no artigo 6º, §§ 1° e 2°, inciso II, e § 3º, II, da Emenda Constitucional Estadual nº 146/2021, e artigo 40, §5°, da Constituição Federal, com a redação dada pela Emenda Constitucional nº 103/2019.",N,FEMININO,S,Valor Médio,"Art. 6º, §2º, II da EC 146/2021 (cálculo pela média das 80% maiores remunerações e sem paridade remuneratória)",ativa,,importada,,,[],"[""/dispositivos/cf88/art-40-par-5/ec-103-2019.md"", ""/dispositivos/ece-146-2021/art-6-par-1/original.md"", ""/dispositivos/ece-146-2021/art-6-par-2-inc-ii/original.md"", ""/dispositivos/ece-146-2021/art-6-par-3-inc-ii/original.md""]",[],[]
"Voluntária · ingresso até 31/12/2003, pedido a partir de 14/09/2021 · pontuação · Masculino · integral · paridade",APOSENTADORIA VOLUNTÁRIA POR TEMPO DE CONTRIBUIÇÃO,TRUE,3º,FALSE,FALSE,S,CIVIL,N,,S,S,N,N,N,31/12/2003 00:00,01/01/1950 00:00,31/12/2099 00:00,14/09/2021 00:00,,N,"Aposentadoria voluntária por idade e tempo de contribuição, com proventos integrais (cálculo por integralidade) e com paridade, com base no artigo 5º, § 6º, I, e § 7°, I, da EC nº 146/2021, e artigo 40, § 1°, inciso III, segunda parte, da Constituição Federal, com a redação dada pela Emenda Constitucional nº 103/2019 - REGRA TRANSITÓRIA - EMENDA ESTADUAL",N,MASCULINO,S,Remuneração de Contribuição,,ativa,,importada,,,[],"[""/dispositivos/cf88/art-40-par-1-inc-iii/ec-103-2019.md"", ""/dispositivos/ece-146-2021/art-5-par-6-inc-i/original.md"", ""/dispositivos/ece-146-2021/art-5-par-7-inc-i/original.md""]",[],[]
"Voluntária · ingresso até 31/12/2003, pedido a partir de 14/09/2021 · pontuação · Feminino · integral · paridade",APOSENTADORIA VOLUNTÁRIA POR TEMPO DE CONTRIBUIÇÃO,TRUE,3º,FALSE,FALSE,S,CIVIL,N,,S,S,N,N,N,31/12/2003 00:00,01/01/1950 00:00,31/12/2099 00:00,14/09/2021 00:00,,N,"Aposentadoria voluntária por idade e tempo de contribuição, com proventos integrais (cálculo por integralidade) e com paridade, com base no artigo 5º, § 6º, I, e § 7°, I, da EC nº 146/2021, e artigo 40, § 1°, inciso III, segunda parte, da Constituição Federal, com a redação dada pela Emenda Constitucional nº 103/2019 - REGRA TRANSITÓRIA - EMENDA ESTADUAL",N,FEMININO,S,Remuneração de Contribuição,,ativa,,importada,,,[],"[""/dispositivos/cf88/art-40-par-1-inc-iii/ec-103-2019.md"", ""/dispositivos/ece-146-2021/art-5-par-6-inc-i/original.md"", ""/dispositivos/ece-146-2021/art-5-par-7-inc-i/original.md""]",[],[]
"Voluntária · Magistério · ingresso até 31/12/2003, pedido a partir de 14/09/2021 · pontuação · Masculino · integral · paridade",APOSENTADORIA VOLUNTÁRIA POR TEMPO DE CONTRIBUIÇÃO,TRUE,3º,FALSE,FALSE,S,CIVIL,S,,S,S,N,N,N,31/12/2003 00:00,01/01/1950 00:00,31/12/2099 00:00,14/09/2021 00:00,,N,"Aposentadoria especial de professor, com proventos integrais (cálculo por integralidade) e com paridade, com base no artigo 5º, §§ 4° e 6°, inciso I, e § 7º, I, da Emenda Constitucional Estadual nº 146/2021, e artigo 40, §5°, da Constituição Federal, com a redação dada pela Emenda Constitucional nº 103/2019.",N,MASCULINO,S,Remuneração de Contribuição,,ativa,,importada,,,[],"[""/dispositivos/cf88/art-40-par-5/ec-103-2019.md"", ""/dispositivos/ece-146-2021/art-5-par-4/original.md"", ""/dispositivos/ece-146-2021/art-5-par-6-inc-i/original.md"", ""/dispositivos/ece-146-2021/art-5-par-7-inc-i/original.md""]",[],[]
"Voluntária · Magistério · ingresso até 31/12/2003, pedido a partir de 14/09/2021 · pontuação · Feminino · integral · paridade",APOSENTADORIA VOLUNTÁRIA POR TEMPO DE CONTRIBUIÇÃO,TRUE,3º,FALSE,FALSE,S,CIVIL,S,,S,S,N,N,N,31/12/2003 00:00,01/01/1950 00:00,31/12/2099 00:00,14/09/2021 00:00,,N,"Aposentadoria especial de professor, com proventos integrais (cálculo por integralidade) e com paridade, com base no artigo 5º, §§ 4° e 6°, inciso I, e § 7º, I, da Emenda Constitucional Estadual nº 146/2021, e artigo 40, §5°, da Constituição Federal, com a redação dada pela Emenda Constitucional nº 103/2019.",N,FEMININO,S,Remuneração de Contribuição,,ativa,,importada,,,[],"[""/dispositivos/cf88/art-40-par-5/ec-103-2019.md"", ""/dispositivos/ece-146-2021/art-5-par-4/original.md"", ""/dispositivos/ece-146-2021/art-5-par-6-inc-i/original.md"", ""/dispositivos/ece-146-2021/art-5-par-7-inc-i/original.md""]",[],[]
Voluntária · pedido a partir de 14/09/2021 · pontuação · Masculino · integral · média,APOSENTADORIA VOLUNTÁRIA POR TEMPO DE CONTRIBUIÇÃO,TRUE,3º,FALSE,FALSE,S,CIVIL,N,,N,S,N,N,N,31/12/2099 00:00,01/01/1950 00:00,31/12/2099 00:00,14/09/2021 00:00,,N,"Aposentadoria voluntária por idade e tempo de contribuição, com proventos integrais (cálculo por média) e sem paridade, com base no artigo 5º, § 6º, II, e § 7°, II, da EC nº 146/2021, e artigo 40, § 1°, inciso III, segunda parte, da Constituição Federal, com a redação dada pela Emenda Constitucional nº 103/2019 - REGRA TRANSITÓRIA - EMENDA ESTADUAL",N,MASCULINO,S,Valor Médio,,ativa,,importada,,,[],"[""/dispositivos/cf88/art-40-par-1-inc-iii/ec-103-2019.md"", ""/dispositivos/ece-146-2021/art-5-par-6-inc-ii/original.md"", ""/dispositivos/ece-146-2021/art-5-par-7-inc-ii/original.md""]",[],[]
Voluntária · pedido a partir de 14/09/2021 · pontuação · Feminino · integral · média,APOSENTADORIA VOLUNTÁRIA POR TEMPO DE CONTRIBUIÇÃO,TRUE,3º,FALSE,FALSE,S,CIVIL,N,,N,S,N,N,N,31/12/2099 00:00,01/01/1950 00:00,31/12/2099 00:00,14/09/2021 00:00,,N,"Aposentadoria voluntária por idade e tempo de contribuição, com proventos integrais (cálculo por média) e sem paridade, com base no artigo 5º, § 6º, II, e § 7°, II, da EC nº 146/2021, e artigo 40, § 1°, inciso III, segunda parte, da Constituição Federal, com a redação dada pela Emenda Constitucional nº 103/2019 - REGRA TRANSITÓRIA - EMENDA ESTADUAL",N,FEMININO,S,Valor Médio,,ativa,,importada,,,[],"[""/dispositivos/cf88/art-40-par-1-inc-iii/ec-103-2019.md"", ""/dispositivos/ece-146-2021/art-5-par-6-inc-ii/original.md"", ""/dispositivos/ece-146-2021/art-5-par-7-inc-ii/original.md""]",[],[]
"Voluntária · Magistério · ingresso após 01/01/2004 e até 09/09/2021, pedido a partir de 14/09/2021 · pontuação · Masculino · proporcional · média",APOSENTADORIA VOLUNTÁRIA POR TEMPO DE CONTRIBUIÇÃO,TRUE,3º,FALSE,FALSE,S,CIVIL,S,,N,S,N,N,N,09/09/2021 00:00,01/01/2004 00:00,31/12/2099 00:00,14/09/2021 00:00,,N,"Aposentadoria especial de professor, com proventos integrais (cálculo por média) e sem paridade, com base no artigo 5º, §§ 4° e 6°, inciso II, e § 7º, II, da Emenda Constitucional Estadual nº 146/2021, e artigo 40, §5°, da Constituição Federal, com a redação dada pela Emenda Constitucional nº 103/2019.",N,MASCULINO,N,Valor Médio,"Art.5º, §4º e § 6º, II, da EC 146/2021 (cálculo pela média das 80% maiores remunerações e sem paridade remuneratória)",ativa,,importada,,,[],"[""/dispositivos/cf88/art-40-par-5/ec-103-2019.md"", ""/dispositivos/ece-146-2021/art-5-par-4/original.md"", ""/dispositivos/ece-146-2021/art-5-par-6-inc-ii/original.md"", ""/dispositivos/ece-146-2021/art-5-par-7-inc-ii/original.md""]",[],[]
"Voluntária · Magistério · ingresso após 01/01/2004 e até 09/09/2021, pedido a partir de 14/09/2021 · pontuação · Feminino · integral · média",APOSENTADORIA VOLUNTÁRIA POR TEMPO DE CONTRIBUIÇÃO,TRUE,3º,FALSE,FALSE,S,CIVIL,S,,N,S,N,N,N,09/09/2021 00:00,01/01/2004 00:00,31/12/2099 00:00,14/09/2021 00:00,,N,"Aposentadoria especial de professor, com proventos integrais (cálculo por média) e sem paridade, com base no artigo 5º, §§ 4° e 6°, inciso II, e § 7º, II, da Emenda Constitucional Estadual nº 146/2021, e artigo 40, §5°, da Constituição Federal, com a redação dada pela Emenda Constitucional nº 103/2019.",N,FEMININO,S,Valor Médio,"Art.5º, §4º e § 6º, II, da EC 146/2021 (cálculo pela média das 80% maiores remunerações e sem paridade remuneratória)",ativa,,importada,,,[],"[""/dispositivos/cf88/art-40-par-5/ec-103-2019.md"", ""/dispositivos/ece-146-2021/art-5-par-4/original.md"", ""/dispositivos/ece-146-2021/art-5-par-6-inc-ii/original.md"", ""/dispositivos/ece-146-2021/art-5-par-7-inc-ii/original.md""]",[],[]
Voluntária · Deficiência moderada · pedido a partir de 18/10/2021 · Feminino · integral · média,APOSENTADORIA VOLUNTÁRIA POR TEMPO DE CONTRIBUIÇÃO,TRUE,3º,FALSE,FALSE,S,CIVIL,S,,N,N,N,N,N,31/12/2099 00:00,01/01/1950 00:00,31/12/2099 00:00,18/10/2021 00:00,,N,"Aposentadoria voluntária de servidor com deficiência, com proventos integrais (cálculo por integralidade) e com paridade, com base no artigo 40, § 4º-A, da Constituição Federal, com redação dada pela Emenda Constitucional nº 103/2019, artigos 25, 27, I; 35, da Lei Complementar nº 1.100/2021 e artigo 40, § 1°, inciso III, segunda parte, da Constituição Federal, com a redação dada pela Emenda Constitucional nº 103/2019",N,FEMININO,S,Valor Médio,,ativa,,importada,,,[],"[""/dispositivos/cf88/art-40-par-1-inc-iii/ec-103-2019.md"", ""/dispositivos/cf88/art-40-par-4a/ec-103-2019.md"", ""/dispositivos/lce-1100-2021/art-25/original.md"", ""/dispositivos/lce-1100-2021/art-27-inc-i/original.md"", ""/dispositivos/lce-1100-2021/art-35/original.md""]",[],"[{""achado"": ""/achados/achado-0020.md"", ""disposicao"": ""corrigida"", ""justificativa"": ""Corrigida pela renomeação do catálogo inteiro. Esta regra recebeu `nome` pelo padrão de facetas em ordem de anamnese — benefício, categoria especial, regime, e sexo quando gravado —, que é a resposta à questão 1 do achado (\""qual padrão adotar\""). A questão 4 dele — se a correção pertencia ao catálogo auditado da RFC 0004 em vez de a uma edição em `regra-*.md` — foi respondida pela coordenação em 2026-07-30: a auditoria está autorizada a alterar `nome`, e o registro está na Decisão 10 de `docs/analysis/decisoes-de-auditoria-2026-07-30.md`. Duas coisas que esta disposição **não** afirma: que o `P2_IGUALDADE_MATERIAL_ATIVA` sobre esta regra tenha sido tocado, se houver — `nome` está fora da chave material, e os sete grupos P2 do catálogo seguem idênticos, asseverados por teste; e que a padronização deva virar gate, que é a questão 2 do achado e segue aberta."", ""decidido_por"": ""franklinbaldo"", ""decidido_em"": ""2026-07-30""}]"
Voluntária · Deficiência moderada · pedido a partir de 18/10/2021 · Masculino · integral · média,APOSENTADORIA VOLUNTÁRIA POR TEMPO DE CONTRIBUIÇÃO,TRUE,3º,FALSE,FALSE,S,CIVIL,S,,N,N,N,N,N,31/12/2099 00:00,01/01/1950 00:00,31/12/2099 00:00,18/10/2021 00:00,,N,"Aposentadoria voluntária de servidor com deficiência, com proventos integrais (cálculo por integralidade) e com paridade, com base no artigo 40, § 4º-A, da Constituição Federal, com redação dada pela Emenda Constitucional nº 103/2019, artigos 25, 27, I; 35, da Lei Complementar nº 1.100/2021 e artigo 40, § 1°, inciso III, segunda parte, da Constituição Federal, com a redação dada pela Emenda Constitucional nº 103/2019",N,MASCULINO,S,Valor Médio,,ativa,,importada,,,[],"[""/dispositivos/cf88/art-40-par-1-inc-iii/ec-103-2019.md"", ""/dispositivos/cf88/art-40-par-4a/ec-103-2019.md"", ""/dispositivos/lce-1100-2021/art-25/original.md"", ""/dispositivos/lce-1100-2021/art-27-inc-i/original.md"", ""/dispositivos/lce-1100-2021/art-35/original.md""]",[],"[{""achado"": ""/achados/achado-0020.md"", ""disposicao"": ""corrigida"", ""justificativa"": ""Corrigida pela renomeação do catálogo inteiro. Esta regra recebeu `nome` pelo padrão de facetas em ordem de anamnese — benefício, categoria especial, regime, e sexo quando gravado —, que é a resposta à questão 1 do achado (\""qual padrão adotar\""). A questão 4 dele — se a correção pertencia ao catálogo auditado da RFC 0004 em vez de a uma edição em `regra-*.md` — foi respondida pela coordenação em 2026-07-30: a auditoria está autorizada a alterar `nome`, e o registro está na Decisão 10 de `docs/analysis/decisoes-de-auditoria-2026-07-30.md`. Duas coisas que esta disposição **não** afirma: que o `P2_IGUALDADE_MATERIAL_ATIVA` sobre esta regra tenha sido tocado, se houver — `nome` está fora da chave material, e os sete grupos P2 do catálogo seguem idênticos, asseverados por teste; e que a padronização deva virar gate, que é a questão 2 do achado e segue aberta."", ""decidido_por"": ""franklinbaldo"", ""decidido_em"": ""2026-07-30""}]"
Voluntária · Deficiência grave · pedido a partir de 18/10/2021 · Feminino · integral · média,APOSENTADORIA VOLUNTÁRIA POR TEMPO DE CONTRIBUIÇÃO,TRUE,3º,FALSE,FALSE,S,CIVIL,S,,N,N,N,N,N,31/12/2099 00:00,01/01/1950 00:00,31/12/2099 00:00,18/10/2021 00:00,,N,"Aposentadoria voluntária de servidor com deficiência, com proventos integrais (cálculo por integralidade) e com paridade, com base no artigo 40, § 4º-A, da Constituição Federal, com redação dada pela Emenda Constitucional nº 103/2019, artigos 25, 27, I; 35, da Lei Complementar nº 1.100/2021 e artigo 40, § 1°, inciso III, segunda parte, da Constituição Federal, com a redação dada pela Emenda Constitucional nº 103/2019",N,FEMININO,S,Valor Médio,"Art. 39, paragrafo unico da Lei Complementar 432/2008",ativa,,importada,,,[],"[""/dispositivos/cf88/art-40-par-1-inc-iii/ec-103-2019.md"", ""/dispositivos/cf88/art-40-par-4a/ec-103-2019.md"", ""/dispositivos/lce-1100-2021/art-25/original.md"", ""/dispositivos/lce-1100-2021/art-27-inc-i/original.md"", ""/dispositivos/lce-1100-2021/art-35/original.md""]",[],"[{""achado"": ""/achados/achado-0020.md"", ""disposicao"": ""corrigida"", ""justificativa"": ""Corrigida pela renomeação do catálogo inteiro. Esta regra recebeu `nome` pelo padrão de facetas em ordem de anamnese — benefício, categoria especial, regime, e sexo quando gravado —, que é a resposta à questão 1 do achado (\""qual padrão adotar\""). A questão 4 dele — se a correção pertencia ao catálogo auditado da RFC 0004 em vez de a uma edição em `regra-*.md` — foi respondida pela coordenação em 2026-07-30: a auditoria está autorizada a alterar `nome`, e o registro está na Decisão 10 de `docs/analysis/decisoes-de-auditoria-2026-07-30.md`. Duas coisas que esta disposição **não** afirma: que o `P2_IGUALDADE_MATERIAL_ATIVA` sobre esta regra tenha sido tocado, se houver — `nome` está fora da chave material, e os sete grupos P2 do catálogo seguem idênticos, asseverados por teste; e que a padronização deva virar gate, que é a questão 2 do achado e segue aberta."", ""decidido_por"": ""franklinbaldo"", ""decidido_em"": ""2026-07-30""}]"
Voluntária · Deficiência grave · pedido a partir de 18/10/2021 · Masculino · integral · média,APOSENTADORIA VOLUNTÁRIA POR TEMPO DE CONTRIBUIÇÃO,TRUE,3º,FALSE,FALSE,S,CIVIL,S,,N,N,N,N,N,31/12/2099 00:00,01/01/1950 00:00,31/12/2099 00:00,18/10/2021 00:00,,N,"Aposentadoria voluntária de servidor com deficiência, com proventos integrais (cálculo por integralidade) e com paridade, com base no artigo 40, § 4º-A, da Constituição Federal, com redação dada pela Emenda Constitucional nº 103/2019, artigos 25, 27, I; 35, da Lei Complementar nº 1.100/2021 e artigo 40, § 1°, inciso III, segunda parte, da Constituição Federal, com a redação dada pela Emenda Constitucional nº 103/2019",N,MASCULINO,S,Valor Médio,"Art. 39, paragrafo unico da Lei Complementar 432/2008",ativa,,importada,,,[],"[""/dispositivos/cf88/art-40-par-1-inc-iii/ec-103-2019.md"", ""/dispositivos/cf88/art-40-par-4a/ec-103-2019.md"", ""/dispositivos/lce-1100-2021/art-25/original.md"", ""/dispositivos/lce-1100-2021/art-27-inc-i/original.md"", ""/dispositivos/lce-1100-2021/art-35/original.md""]",[],"[{""achado"": ""/achados/achado-0020.md"", ""disposicao"": ""corrigida"", ""justificativa"": ""Corrigida pela renomeação do catálogo inteiro. Esta regra recebeu `nome` pelo padrão de facetas em ordem de anamnese — benefício, categoria especial, regime, e sexo quando gravado —, que é a resposta à questão 1 do achado (\""qual padrão adotar\""). A questão 4 dele — se a correção pertencia ao catálogo auditado da RFC 0004 em vez de a uma edição em `regra-*.md` — foi respondida pela coordenação em 2026-07-30: a auditoria está autorizada a alterar `nome`, e o registro está na Decisão 10 de `docs/analysis/decisoes-de-auditoria-2026-07-30.md`. Duas coisas que esta disposição **não** afirma: que o `P2_IGUALDADE_MATERIAL_ATIVA` sobre esta regra tenha sido tocado, se houver — `nome` está fora da chave material, e os sete grupos P2 do catálogo seguem idênticos, asseverados por teste; e que a padronização deva virar gate, que é a questão 2 do achado e segue aberta."", ""decidido_por"": ""franklinbaldo"", ""decidido_em"": ""2026-07-30""}]"
Voluntária · Deficiência leve · pedido a partir de 18/10/2021 · Feminino · integral · média,APOSENTADORIA VOLUNTÁRIA POR TEMPO DE CONTRIBUIÇÃO,TRUE,3º,FALSE,FALSE,S,CIVIL,S,,N,N,N,N,N,31/12/2099 00:00,01/01/1950 00:00,31/12/2099 00:00,18/10/2021 00:00,,N,"Aposentadoria voluntária de servidor com deficiência, com proventos integrais (cálculo por integralidade) e com paridade, com base no artigo 40, § 4º-A, da Constituição Federal, com redação dada pela Emenda Constitucional nº 103/2019, artigos 25, 27, I; 35, da Lei Complementar nº 1.100/2021 e artigo 40, § 1°, inciso III, segunda parte, da Constituição Federal, com a redação dada pela Emenda Constitucional nº 103/2019",N,FEMININO,S,Valor Médio,,ativa,,importada,,,[],"[""/dispositivos/cf88/art-40-par-1-inc-iii/ec-103-2019.md"", ""/dispositivos/cf88/art-40-par-4a/ec-103-2019.md"", ""/dispositivos/lce-1100-2021/art-25/original.md"", ""/dispositivos/lce-1100-2021/art-27-inc-i/original.md"", ""/dispositivos/lce-1100-2021/art-35/original.md""]",[],"[{""achado"": ""/achados/achado-0020.md"", ""disposicao"": ""corrigida"", ""justificativa"": ""Corrigida pela renomeação do catálogo inteiro. Esta regra recebeu `nome` pelo padrão de facetas em ordem de anamnese — benefício, categoria especial, regime, e sexo quando gravado —, que é a resposta à questão 1 do achado (\""qual padrão adotar\""). A questão 4 dele — se a correção pertencia ao catálogo auditado da RFC 0004 em vez de a uma edição em `regra-*.md` — foi respondida pela coordenação em 2026-07-30: a auditoria está autorizada a alterar `nome`, e o registro está na Decisão 10 de `docs/analysis/decisoes-de-auditoria-2026-07-30.md`. Duas coisas que esta disposição **não** afirma: que o `P2_IGUALDADE_MATERIAL_ATIVA` sobre esta regra tenha sido tocado, se houver — `nome` está fora da chave material, e os sete grupos P2 do catálogo seguem idênticos, asseverados por teste; e que a padronização deva virar gate, que é a questão 2 do achado e segue aberta."", ""decidido_por"": ""franklinbaldo"", ""decidido_em"": ""2026-07-30""}]"
Voluntária · Deficiência leve · pedido a partir de 18/10/2021 · Masculino · integral · média,APOSENTADORIA VOLUNTÁRIA POR TEMPO DE CONTRIBUIÇÃO,TRUE,3º,FALSE,FALSE,S,CIVIL,S,,N,N,N,N,N,31/12/2099 00:00,01/01/1950 00:00,31/12/2099 00:00,18/10/2021 00:00,,N,"Aposentadoria voluntária de servidor com deficiência, com proventos integrais (cálculo por integralidade) e com paridade, com base no artigo 40, § 4º-A, da Constituição Federal, com redação dada pela Emenda Constitucional nº 103/2019, artigos 25, 27, I; 35, da Lei Complementar nº 1.100/2021 e artigo 40, § 1°, inciso III, segunda parte, da Constituição Federal, com a redação dada pela Emenda Constitucional nº 103/2019",N,MASCULINO,S,Valor Médio,,ativa,,importada,,,[],"[""/dispositivos/cf88/art-40-par-1-inc-iii/ec-103-2019.md"", ""/dispositivos/cf88/art-40-par-4a/ec-103-2019.md"", ""/dispositivos/lce-1100-2021/art-25/original.md"", ""/dispositivos/lce-1100-2021/art-27-inc-i/original.md"", ""/dispositivos/lce-1100-2021/art-35/original.md""]",[],"[{""achado"": ""/achados/achado-0020.md"", ""disposicao"": ""corrigida"", ""justificativa"": ""Corrigida pela renomeação do catálogo inteiro. Esta regra recebeu `nome` pelo padrão de facetas em ordem de anamnese — benefício, categoria especial, regime, e sexo quando gravado —, que é a resposta à questão 1 do achado (\""qual padrão adotar\""). A questão 4 dele — se a correção pertencia ao catálogo auditado da RFC 0004 em vez de a uma edição em `regra-*.md` — foi respondida pela coordenação em 2026-07-30: a auditoria está autorizada a alterar `nome`, e o registro está na Decisão 10 de `docs/analysis/decisoes-de-auditoria-2026-07-30.md`. Duas coisas que esta disposição **não** afirma: que o `P2_IGUALDADE_MATERIAL_ATIVA` sobre esta regra tenha sido tocado, se houver — `nome` está fora da chave material, e os sete grupos P2 do catálogo seguem idênticos, asseverados por teste; e que a padronização deva virar gate, que é a questão 2 do achado e segue aberta."", ""decidido_por"": ""franklinbaldo"", ""decidido_em"": ""2026-07-30""}]"
Voluntária · Agentes nocivos · pedido a partir de 31/12/2003 · Ambos · integral · paridade · regra-0065,APOSENTADORIA VOLUNTÁRIA POR TEMPO DE CONTRIBUIÇÃO,TRUE,3º,FALSE,FALSE,S,CIVIL,S,,S,N,N,N,N,31/12/2099 00:00,01/01/1950 00:00,31/12/2099 00:00,31/12/2003 00:00,,N,"Aposentadoria voluntária de servidor exposto a agentes nocivos à saúde, com proventos integrais (cálculo por integralidade) e com paridade, com base nos artigos 25, 27, inciso I, e 41, inciso III, da Lei Complementar Estadual 1.100/2021 e artigo 40, § 1º, inciso III, segunda parte, e § 4°-C, da Constituição Federal, com redação dada pela Emenda Constitucional nº 103/2019 - regra permanente",N,AMBOS,S,Valor Médio,,ativa,,importada,,,[],"[""/dispositivos/cf88/art-40-par-1-inc-iii/ec-103-2019.md"", ""/dispositivos/cf88/art-40-par-4c/ec-103-2019.md"", ""/dispositivos/lce-1100-2021/art-25/original.md"", ""/dispositivos/lce-1100-2021/art-27-inc-i/original.md"", ""/dispositivos/lce-1100-2021/art-41-inc-iii/original.md""]",[],[]
Voluntária · Agentes nocivos · pedido a partir de 31/12/2003 · Ambos · integral · paridade · regra-0066,APOSENTADORIA VOLUNTÁRIA POR TEMPO DE CONTRIBUIÇÃO,TRUE,3º,FALSE,FALSE,S,CIVIL,S,,S,N,N,N,N,31/12/2099 00:00,01/01/1950 00:00,31/12/2099 00:00,31/12/2003 00:00,,N,"Aposentadoria voluntária de servidor exposto a agentes nocivos à saúde, com proventos integrais (cálculo por integralidade) e com paridade, com base nos artigos 25, 27, inciso I, e 41, inciso III, da Lei Complementar Estadual 1.100/2021 e artigo 40, § 1º, inciso III, segunda parte, e § 4°-C, da Constituição Federal, com redação dada pela Emenda Constitucional nº 103/2019 - regra permanente",N,AMBOS,S,Valor Médio,,ativa,,importada,,,[],"[""/dispositivos/cf88/art-40-par-1-inc-iii/ec-103-2019.md"", ""/dispositivos/cf88/art-40-par-4c/ec-103-2019.md"", ""/dispositivos/lce-1100-2021/art-25/original.md"", ""/dispositivos/lce-1100-2021/art-27-inc-i/original.md"", ""/dispositivos/lce-1100-2021/art-41-inc-iii/original.md""]",[],[]
Voluntária · Agentes nocivos · pedido a partir de 31/12/2003 · Ambos · integral · paridade · regra-0067,APOSENTADORIA VOLUNTÁRIA POR TEMPO DE CONTRIBUIÇÃO,TRUE,3º,FALSE,FALSE,S,CIVIL,S,,S,N,N,N,N,31/12/2099 00:00,01/01/1950 00:00,31/12/2099 00:00,31/12/2003 00:00,,N,"Aposentadoria voluntária de servidor exposto a agentes nocivos à saúde, com proventos integrais (cálculo por integralidade) e com paridade, com base nos artigos 25, 27, inciso I, e 41, inciso III, da Lei Complementar Estadual 1.100/2021 e artigo 40, § 1º, inciso III, segunda parte, e § 4°-C, da Constituição Federal, com redação dada pela Emenda Constitucional nº 103/2019 - regra permanente",N,AMBOS,S,Valor Efetivo,,ativa,,importada,,,[],"[""/dispositivos/cf88/art-40-par-1-inc-iii/ec-103-2019.md"", ""/dispositivos/cf88/art-40-par-4c/ec-103-2019.md"", ""/dispositivos/lce-1100-2021/art-25/original.md"", ""/dispositivos/lce-1100-2021/art-27-inc-i/original.md"", ""/dispositivos/lce-1100-2021/art-41-inc-iii/original.md""]",[],[]
"Voluntária · Agentes nocivos · ingresso até 14/09/2021, pedido a partir de 14/09/2021 · pontuação · Ambos · integral · média · regra-0068",APOSENTADORIA VOLUNTÁRIA POR TEMPO DE CONTRIBUIÇÃO,TRUE,3º,FALSE,FALSE,S,CIVIL,S,,N,S,N,N,N,14/09/2021 00:00,01/01/1950 00:00,31/12/2099 00:00,14/09/2021 00:00,,N,"Aposentadoria voluntária de servidor exposto a agentes nocivos à saúde, com proventos integrais (cálculo por média) e sem paridade, com base no artigo 8, §§ 1° e 2° da EC nº 146/2021, e artigo 40, § 4°-C, da Constituição Federal, com a redação dada pela Emenda Constitucional nº 103/2019 - REGRA TRANSITÓRIA - EMENDA ESTADUAL",N,AMBOS,S,Valor Médio,,ativa,,importada,,,[],"[""/dispositivos/cf88/art-40-par-4c/ec-103-2019.md"", ""/dispositivos/ece-146-2021/art-8-par-1/original.md"", ""/dispositivos/ece-146-2021/art-8-par-2/original.md""]",[],[]
"Voluntária · Agentes nocivos · ingresso até 14/09/2021, pedido a partir de 14/09/2021 · pontuação · Ambos · integral · média · regra-0069",APOSENTADORIA VOLUNTÁRIA POR TEMPO DE CONTRIBUIÇÃO,TRUE,3º,FALSE,FALSE,S,CIVIL,S,,N,S,N,N,N,14/09/2021 00:00,01/01/1950 00:00,31/12/2099 00:00,14/09/2021 00:00,,N,"Aposentadoria voluntária de servidor exposto a agentes nocivos à saúde, com proventos integrais (cálculo por média) e sem paridade, com base no artigo 8, §§ 1° e 2° da EC nº 146/2021, e artigo 40, § 4°-C, da Constituição Federal, com a redação dada pela Emenda Constitucional nº 103/2019 - REGRA TRANSITÓRIA - EMENDA ESTADUAL",N,AMBOS,S,Valor Médio,,ativa,,importada,,,[],"[""/dispositivos/cf88/art-40-par-4c/ec-103-2019.md"", ""/dispositivos/ece-146-2021/art-8-par-1/original.md"", ""/dispositivos/ece-146-2021/art-8-par-2/original.md""]",[],[]
"Voluntária · Agentes nocivos · ingresso até 14/09/2021, pedido a partir de 14/09/2021 · pontuação · Ambos · integral · média · regra-0070",APOSENTADORIA VOLUNTÁRIA POR TEMPO DE CONTRIBUIÇÃO,TRUE,3º,FALSE,FALSE,S,CIVIL,S,,N,S,N,N,N,14/09/2021 00:00,01/01/1950 00:00,31/12/2099 00:00,14/09/2021 00:00,,N,"Aposentadoria voluntária de servidor exposto a agentes nocivos à saúde, com proventos integrais (cálculo por média) e sem paridade, com base no artigo 8, §§ 1° e 2° da EC nº 146/2021, e artigo 40, § 4°-C, da Constituição Federal, com a redação dada pela Emenda Constitucional nº 103/2019 - REGRA TRANSITÓRIA - EMENDA ESTADUAL",N,AMBOS,S,Valor Médio,,ativa,,importada,,,[],"[""/dispositivos/cf88/art-40-par-4c/ec-103-2019.md"", ""/dispositivos/ece-146-2021/art-8-par-1/original.md"", ""/dispositivos/ece-146-2021/art-8-par-2/original.md""]",[],[]
"Voluntária · Agentes nocivos · ingresso até 31/12/2003, pedido a partir de 18/10/2021 · Ambos · integral · média",APOSENTADORIA VOLUNTÁRIA POR TEMPO DE CONTRIBUIÇÃO,TRUE,3º,FALSE,FALSE,S,CIVIL,S,,N,N,N,N,N,31/12/2003 00:00,01/01/1950 00:00,31/12/2099 00:00,18/10/2021 00:00,,N,"Aposentadoria voluntária de servidor exposto a agentes nocivos à saúde, com proventos integrais (cálculo por média) e sem paridade, com base nos artigos 24, 27, inciso II, e 41, inciso III, da Lei Complementar Estadual 1.100/2021 e artigo 40, § 1º, inciso III, segunda parte, e § 4°-C, da Constituição Federal, com redação dada pela Emenda Constitucional nº 103/2019 - regra permanente",N,AMBOS,S,Valor Médio,,ativa,,importada,,,[],"[""/dispositivos/cf88/art-40-par-1-inc-iii/ec-103-2019.md"", ""/dispositivos/cf88/art-40-par-4c/ec-103-2019.md"", ""/dispositivos/lce-1100-2021/art-24/original.md"", ""/dispositivos/lce-1100-2021/art-27-inc-ii/original.md"", ""/dispositivos/lce-1100-2021/art-41-inc-iii/original.md""]",[],[]
"Voluntária · Policial civil · ingresso até 13/11/2019, pedido a partir de 14/09/2021 · Masculino · integral · paridade · regra-0072",APOSENTADORIA VOLUNTÁRIA POR TEMPO DE CONTRIBUIÇÃO,TRUE,3º,FALSE,FALSE,S,CIVIL,S,,S,N,N,N,N,13/11/2019 00:00,01/01/1950 00:00,31/12/2099 00:00,14/09/2021 00:00,,N,"Aposentadoria especial de policial, com proventos integrais (cálculo por integralidade) e com paridade, com base no artigo 7º, §§ 2º e 3º da Emenda Constitucional Estadual nº 146/2021, artigo 1º, inciso II, alínea ""a"", da Lei Complementar nº 51/1985 e artigo 40, §1°, inciso III, segunda parte, da Constituição Federal, com a redação dada pela Emenda Constitucional nº 103/2019 - regra transitória homem - idade + tempo + pedágio | Aposentadoria especial de policial, com proventos integrais (cálculo por integralidade) e com paridade, com base no artigo 7º, §§ 2º e 3º da Emenda Constitucional Estadual nº 146/2021, artigo 1º, inciso II, alínea ""b"", da Lei Complementar nº 51/1985 e artigo 40, §1°, inciso III, segunda parte, da Constituição Federal, com a redação dada pela Emenda Constitucional nº 103/2019 - regra transitória mulher - idade + tempo + pedágio",N,MASCULINO,S,Remuneração de Contribuição,"Artigo 7º, §§ 2º e 3º, da Emenda Constitucional Estadual nº 146/2021.",ativa,,importada,,,[],"[""/dispositivos/cf88/art-40-par-1-inc-iii/ec-103-2019.md"", ""/dispositivos/ece-146-2021/art-7-par-2/original.md"", ""/dispositivos/ece-146-2021/art-7-par-3/original.md"", ""/dispositivos/lc-51-1985/art-1-inc-ii-al-a/lc-144-2014.md""]",[],[]
"Voluntária · Policial civil · ingresso até 13/11/2019, pedido a partir de 14/09/2021 · Feminino · integral · paridade · regra-0073",APOSENTADORIA VOLUNTÁRIA POR TEMPO DE CONTRIBUIÇÃO,TRUE,3º,FALSE,FALSE,S,CIVIL,S,,S,N,N,N,N,13/11/2019 00:00,01/01/1950 00:00,31/12/2099 00:00,14/09/2021 00:00,,N,"Aposentadoria especial de policial, com proventos integrais (cálculo por integralidade) e com paridade, com base no artigo 7º, §§ 2º e 3º da Emenda Constitucional Estadual nº 146/2021, artigo 1º, inciso II, alínea ""a"", da Lei Complementar nº 51/1985 e artigo 40, §1°, inciso III, segunda parte, da Constituição Federal, com a redação dada pela Emenda Constitucional nº 103/2019 - regra transitória homem - idade + tempo + pedágio | Aposentadoria especial de policial, com proventos integrais (cálculo por integralidade) e com paridade, com base no artigo 7º, §§ 2º e 3º da Emenda Constitucional Estadual nº 146/2021, artigo 1º, inciso II, alínea ""b"", da Lei Complementar nº 51/1985 e artigo 40, §1°, inciso III, segunda parte, da Constituição Federal, com a redação dada pela Emenda Constitucional nº 103/2019 - regra transitória mulher - idade + tempo + pedágio",N,FEMININO,S,Remuneração de Contribuição,"Artigo 7º, §§ 2º e 3º, da Emenda Constitucional Estadual nº 146/2021",ativa,,importada,,,[],"[""/dispositivos/cf88/art-40-par-1-inc-iii/ec-103-2019.md"", ""/dispositivos/ece-146-2021/art-7-par-2/original.md"", ""/dispositivos/ece-146-2021/art-7-par-3/original.md"", ""/dispositivos/lc-51-1985/art-1-inc-ii-al-b/lc-144-2014.md""]",[],[]
"Voluntária · Policial civil · ingresso até 13/11/2019, pedido a partir de 14/09/2021 · Masculino · integral · paridade · regra-0074",APOSENTADORIA VOLUNTÁRIA POR TEMPO DE CONTRIBUIÇÃO,TRUE,3º,FALSE,FALSE,S,CIVIL,S,,S,N,N,N,N,13/11/2019 00:00,01/01/1950 00:00,31/12/2099 00:00,14/09/2021 00:00,,N,"Aposentadoria especial de policial, com proventos integrais (cálculo por integralidade) e com paridade, com base no artigo 7º, §§ 2º e 3º da Emenda Constitucional Estadual nº 146/2021, artigo 1º, inciso II, alínea ""a"", da Lei Complementar nº 51/1985 e artigo 40, §1°, inciso III, segunda parte, da Constituição Federal, com a redação dada pela Emenda Constitucional nº 103/2019 - regra transitória homem - idade + tempo + pedágio | Aposentadoria especial de policial, com proventos integrais (cálculo por integralidade) e com paridade, com base no artigo 7º, §§ 2º e 3º da Emenda Constitucional Estadual nº 146/2021, artigo 1º, inciso II, alínea ""b"", da Lei Complementar nº 51/1985 e artigo 40, §1°, inciso III, segunda parte, da Constituição Federal, com a redação dada pela Emenda Constitucional nº 103/2019 - regra transitória mulher - idade + tempo + pedágio",N,MASCULINO,S,Remuneração de Contribuição,,ativa,,importada,,,[],"[""/dispositivos/cf88/art-40-par-1-inc-iii/ec-103-2019.md"", ""/dispositivos/ece-146-2021/art-7-par-2/original.md"", ""/dispositivos/ece-146-2021/art-7-par-3/original.md"", ""/dispositivos/lc-51-1985/art-1-inc-ii-al-a/lc-144-2014.md""]",[],[]
"Voluntária · Policial civil · ingresso até 13/11/2019, pedido a partir de 14/09/2021 · Masculino · integral · paridade · regra-0075",APOSENTADORIA VOLUNTÁRIA POR TEMPO DE CONTRIBUIÇÃO,TRUE,3º,FALSE,FALSE,S,CIVIL,S,,S,N,N,N,N,13/11/2019 00:00,01/01/1950 00:00,31/12/2099 00:00,14/09/2021 00:00,,N,"Aposentadoria especial de policial, com proventos integrais (cálculo por integralidade) e com paridade, com base no artigo 7º, §§ 2º e 3º da Emenda Constitucional Estadual nº 146/2021, artigo 1º, inciso II, alínea ""a"", da Lei Complementar nº 51/1985 e artigo 40, §1°, inciso III, segunda parte, da Constituição Federal, com a redação dada pela Emenda Constitucional nº 103/2019 - regra transitória homem - idade + tempo + pedágio | Aposentadoria especial de policial, com proventos integrais (cálculo por integralidade) e com paridade, com base no artigo 7º, §§ 2º e 3º da Emenda Constitucional Estadual nº 146/2021, artigo 1º, inciso II, alínea ""b"", da Lei Complementar nº 51/1985 e artigo 40, §1°, inciso III, segunda parte, da Constituição Federal, com a redação dada pela Emenda Constitucional nº 103/2019 - regra transitória mulher - idade + tempo + pedágio",N,MASCULINO,S,Remuneração de Contribuição,,ativa,,importada,,,[],"[""/dispositivos/cf88/art-40-par-1-inc-iii/ec-103-2019.md"", ""/dispositivos/ece-146-2021/art-7-par-2/original.md"", ""/dispositivos/ece-146-2021/art-7-par-3/original.md"", ""/dispositivos/lc-51-1985/art-1-inc-ii-al-a/lc-144-2014.md""]",[],[]
"Voluntária · Policial civil · ingresso até 13/11/2019, pedido a partir de 14/09/2021 · Masculino · integral · paridade · regra-0076",APOSENTADORIA VOLUNTÁRIA POR TEMPO DE CONTRIBUIÇÃO,TRUE,3º,FALSE,FALSE,S,CIVIL,S,,S,N,N,N,N,13/11/2019 00:00,01/01/1950 00:00,31/12/2099 00:00,14/09/2021 00:00,,N,"Aposentadoria especial de policial, com proventos integrais (cálculo por integralidade) e com paridade, com base no artigo 7º, §§ 2º e 3º da Emenda Constitucional Estadual nº 146/2021, artigo 1º, inciso II, alínea ""a"", da Lei Complementar nº 51/1985 e artigo 40, §1°, inciso III, segunda parte, da Constituição Federal, com a redação dada pela Emenda Constitucional nº 103/2019 - regra transitória homem - idade + tempo + pedágio | Aposentadoria especial de policial, com proventos integrais (cálculo por integralidade) e com paridade, com base no artigo 7º, §§ 2º e 3º da Emenda Constitucional Estadual nº 146/2021, artigo 1º, inciso II, alínea ""b"", da Lei Complementar nº 51/1985 e artigo 40, §1°, inciso III, segunda parte, da Constituição Federal, com a redação dada pela Emenda Constitucional nº 103/2019 - regra transitória mulher - idade + tempo + pedágio",N,MASCULINO,S,Remuneração de Contribuição,,ativa,,importada,,,[],"[""/dispositivos/cf88/art-40-par-1-inc-iii/ec-103-2019.md"", ""/dispositivos/ece-146-2021/art-7-par-2/original.md"", ""/dispositivos/ece-146-2021/art-7-par-3/original.md"", ""/dispositivos/lc-51-1985/art-1-inc-ii-al-a/lc-144-2014.md""]",[],[]
"Voluntária · Policial civil · ingresso até 13/11/2019, pedido a partir de 14/09/2021 · Masculino · integral · paridade · regra-0077",APOSENTADORIA VOLUNTÁRIA POR TEMPO DE CONTRIBUIÇÃO,TRUE,3º,FALSE,FALSE,S,CIVIL,S,,S,N,N,N,N,13/11/2019 00:00,01/01/1950 00:00,31/12/2099 00:00,14/09/2021 00:00,,N,"Aposentadoria especial de policial, com proventos integrais (cálculo por integralidade) e com paridade, com base no artigo 7º, §§ 2º e 3º da Emenda Constitucional Estadual nº 146/2021, artigo 1º, inciso II, alínea ""a"", da Lei Complementar nº 51/1985 e artigo 40, §1°, inciso III, segunda parte, da Constituição Federal, com a redação dada pela Emenda Constitucional nº 103/2019 - regra transitória homem - idade + tempo + pedágio | Aposentadoria especial de policial, com proventos integrais (cálculo por integralidade) e com paridade, com base no artigo 7º, §§ 2º e 3º da Emenda Constitucional Estadual nº 146/2021, artigo 1º, inciso II, alínea ""b"", da Lei Complementar nº 51/1985 e artigo 40, §1°, inciso III, segunda parte, da Constituição Federal, com a redação dada pela Emenda Constitucional nº 103/2019 - regra transitória mulher - idade + tempo + pedágio",N,MASCULINO,S,Remuneração de Contribuição,,ativa,,importada,,,[],"[""/dispositivos/cf88/art-40-par-1-inc-iii/ec-103-2019.md"", ""/dispositivos/ece-146-2021/art-7-par-2/original.md"", ""/dispositivos/ece-146-2021/art-7-par-3/original.md"", ""/dispositivos/lc-51-1985/art-1-inc-ii-al-a/lc-144-2014.md""]",[],[]
"Voluntária · Policial civil · ingresso até 13/11/2019, pedido a partir de 14/09/2021 · Masculino · integral · paridade · regra-0078",APOSENTADORIA VOLUNTÁRIA POR TEMPO DE CONTRIBUIÇÃO,TRUE,3º,FALSE,FALSE,S,CIVIL,S,,S,N,N,N,N,13/11/2019 00:00,01/01/1950 00:00,31/12/2099 00:00,14/09/2021 00:00,,N,"Aposentadoria especial de policial, com proventos integrais (cálculo por integralidade) e com paridade, com base no artigo 7º, § 3º da Emenda Constitucional Estadual nº 146/2021, artigo 1º, inciso II, alínea ""a"", da Lei Complementar nº 51/1985 e artigo 40, §1°, inciso III, segunda parte, da Constituição Federal, com a redação dada pela Emenda Constitucional nº 103/2019 - regra transitória - idade + tempo de contribuição + homem.",N,MASCULINO,S,Remuneração de Contribuição,"Artigo 7º, §§1º e 3º da Emenda Constitucional Estadual nº 146/2021",ativa,,importada,,,[],"[""/dispositivos/cf88/art-40-par-1-inc-iii/ec-103-2019.md"", ""/dispositivos/ece-146-2021/art-7-par-1/original.md"", ""/dispositivos/ece-146-2021/art-7-par-3/original.md"", ""/dispositivos/lc-51-1985/art-1-inc-ii-al-a/lc-144-2014.md""]",[],"[{""achado"": ""/achados/achado-0020.md"", ""disposicao"": ""corrigida"", ""justificativa"": ""Corrigida pela renomeação do catálogo inteiro. Esta regra recebeu `nome` pelo padrão de facetas em ordem de anamnese — benefício, categoria especial, regime, e sexo quando gravado —, que é a resposta à questão 1 do achado (\""qual padrão adotar\""). A questão 4 dele — se a correção pertencia ao catálogo auditado da RFC 0004 em vez de a uma edição em `regra-*.md` — foi respondida pela coordenação em 2026-07-30: a auditoria está autorizada a alterar `nome`, e o registro está na Decisão 10 de `docs/analysis/decisoes-de-auditoria-2026-07-30.md`. Duas coisas que esta disposição **não** afirma: que o `P2_IGUALDADE_MATERIAL_ATIVA` sobre esta regra tenha sido tocado, se houver — `nome` está fora da chave material, e os sete grupos P2 do catálogo seguem idênticos, asseverados por teste; e que a padronização deva virar gate, que é a questão 2 do achado e segue aberta."", ""decidido_por"": ""franklinbaldo"", ""decidido_em"": ""2026-07-30""}, {""achado"": ""/achados/achado-0017.md"", ""disposicao"": ""corrigida"", ""justificativa"": ""Conferência fechada contra a fonte, e o defeito era real nesta regra: as duas alíneas do art. 1º, II da LC 51/1985 na redação da LC 144/2014 estão transcritas no bundle — a **\""a\""** exige 30 anos de contribuição e 20 de exercício policial, \""se homem\""; a **\""b\""**, 25 e 15, \""se mulher\"" —, e esta regra é `sexo: MASCULINO` com `fundamentacao_integral` citando a \""b\"" e terminando no descritor \""mulher\"". O texto entregue invocava a provisão que a lei reserva ao outro sexo. **Corrigida no lugar.** O campo passou a citar a alínea \""a\"" e o descritor \""homem\"", com o texto que já estava escrito e conferido na unidade auditada `policial-civil-voluntaria-masculino`, e `dispositivos:` passou a apontar `lc-51-1985/art-1-inc-ii-al-a` em lugar da alínea \""b\"". O relink é consequência, não decisão nova: a entrada afirma que a fundamentação **cita** aquela provisão, e depois da correção do texto a alínea \""b\"" não era mais citada por esta regra. Até 2026-07-30 esta disposição era `encaminhada`, sob o argumento de que reescrever campo deployável não era da auditoria; a Decisão 10 de `docs/analysis/decisoes-de-auditoria-2026-07-30.md` autorizou a auditoria a alterar `FUNDAMENTACAO*`, e o encaminhamento perdeu o fundamento. O grupo `policial-civil-alinea-masculina` ficou sem objeto e foi desativado. Duas coisas que esta disposição **não** afirma: que o motor afira 25/15 em vez de 30/20 — tempo de contribuição e tempo de exercício policial não têm coluna, e nesta regra `simulavel: S` o motor não lê a fundamentação; e que o achado esteja fechado — ele segue aberto e alcança a `regra-0084`, cujo provimento não foi localizado."", ""decidido_por"": ""franklinbaldo"", ""decidido_em"": ""2026-07-30""}, {""achado"": ""/achados/achado-0010.md"", ""disposicao"": ""corrigida"", ""justificativa"": ""O mesmo defeito do `achado-0017` nesta regra, visto pelo lado mecânico: a detecção `P9_SEXO_FUNDAMENTACAO` acusava `sexo: MASCULINO` contra um `fundamentacao_integral` terminado em \""mulher\"". A conferência que fecha um fecha o outro, e a correção foi o mesmo ato — o campo agora cita a alínea \""a\"" e o descritor \""homem\"". Disposto em entrada própria porque as populações não coincidem: o `0010` alcança só esta regra, e o `0017` alcança também a `regra-0084`; uma disposição só não responderia pelas duas leituras. A detecção **deixa de ser emitida** — o `achado-0010` tem população de uma regra só, e esta disposição `corrigida` é toda ela, então a expectativa de que a ocorrência mecânica suma é derivada daqui e não declarada no achado. O `0017` segue aberto pela regra que esta correção não alcança."", ""decidido_por"": ""franklinbaldo"", ""decidido_em"": ""2026-07-30""}]"
"Voluntária · Policial civil · ingresso até 13/11/2019, pedido a partir de 14/09/2021 · Feminino · integral · paridade · regra-0079",APOSENTADORIA VOLUNTÁRIA POR TEMPO DE CONTRIBUIÇÃO,TRUE,3º,FALSE,FALSE,S,CIVIL,S,,S,N,N,N,N,13/11/2019 00:00,01/01/1950 00:00,31/12/2099 00:00,14/09/2021 00:00,,N,"Aposentadoria especial de policial, com proventos integrais (cálculo por integralidade) e com paridade, com base no artigo 7º, § 3º da Emenda Constitucional Estadual nº 146/2021, artigo 1º, inciso II, alínea ""b"", da Lei Complementar nº 51/1985 e artigo 40, §1°, inciso III, segunda parte, da Constituição Federal, com a redação dada pela Emenda Constitucional nº 103/2019 - regra transitória - idade + tempo de contribuição + mulher.",N,FEMININO,S,Remuneração de Contribuição,"Artigo 7º, §§1º e 3º da Emenda Constitucional Estadual nº 146/2021",ativa,,importada,,,[],"[""/dispositivos/cf88/art-40-par-1-inc-iii/ec-103-2019.md"", ""/dispositivos/ece-146-2021/art-7-par-1/original.md"", ""/dispositivos/ece-146-2021/art-7-par-3/original.md"", ""/dispositivos/lc-51-1985/art-1-inc-ii-al-b/lc-144-2014.md""]",[],"[{""achado"": ""/achados/achado-0020.md"", ""disposicao"": ""corrigida"", ""justificativa"": ""Corrigida pela renomeação do catálogo inteiro. Esta regra recebeu `nome` pelo padrão de facetas em ordem de anamnese — benefício, categoria especial, regime, e sexo quando gravado —, que é a resposta à questão 1 do achado (\""qual padrão adotar\""). A questão 4 dele — se a correção pertencia ao catálogo auditado da RFC 0004 em vez de a uma edição em `regra-*.md` — foi respondida pela coordenação em 2026-07-30: a auditoria está autorizada a alterar `nome`, e o registro está na Decisão 10 de `docs/analysis/decisoes-de-auditoria-2026-07-30.md`. Duas coisas que esta disposição **não** afirma: que o `P2_IGUALDADE_MATERIAL_ATIVA` sobre esta regra tenha sido tocado, se houver — `nome` está fora da chave material, e os sete grupos P2 do catálogo seguem idênticos, asseverados por teste; e que a padronização deva virar gate, que é a questão 2 do achado e segue aberta."", ""decidido_por"": ""franklinbaldo"", ""decidido_em"": ""2026-07-30""}]"
"Voluntária · Policial civil · ingresso após 31/12/2003, pedido a partir de 18/10/2021 · Masculino · integral · média",APOSENTADORIA VOLUNTÁRIA POR TEMPO DE CONTRIBUIÇÃO,TRUE,3º,FALSE,FALSE,S,CIVIL,S,,N,N,N,N,N,31/12/2099 00:00,31/12/2003 00:00,31/12/2099 00:00,18/10/2021 00:00,,N,"Aposentadoria especial de policial, com proventos integrais (cálculo por média) e sem paridade, com base no artigo 40, §1°, inciso III, segunda parte, e § 4°-B da Constituição Federal, com a redação dada pela Emenda Constitucional nº 103/2019, artigos 24, 27, inciso II, e 34 da Lei Complementar nº 1.100/2021 - regra permanente.",N,MASCULINO,S,Valor Médio,,ativa,,importada,,,[],"[""/dispositivos/cf88/art-40-par-1-inc-iii/ec-103-2019.md"", ""/dispositivos/cf88/art-40-par-4b/ec-103-2019.md"", ""/dispositivos/lce-1100-2021/art-24/original.md"", ""/dispositivos/lce-1100-2021/art-27-inc-ii/original.md"", ""/dispositivos/lce-1100-2021/art-34/original.md""]",[],[]
"Voluntária · Policial civil · ingresso após 31/12/2003, pedido a partir de 18/10/2021 · Feminino · integral · média",APOSENTADORIA VOLUNTÁRIA POR TEMPO DE CONTRIBUIÇÃO,TRUE,3º,FALSE,FALSE,S,CIVIL,S,,N,N,N,N,N,31/12/2099 00:00,31/12/2003 00:00,31/12/2099 00:00,18/10/2021 00:00,,N,"Aposentadoria especial de policial, com proventos integrais (cálculo por média) e sem paridade, com base no artigo 40, §1°, inciso III, segunda parte, e § 4°-B da Constituição Federal, com a redação dada pela Emenda Constitucional nº 103/2019, artigos 24, 27, inciso II, e 34 da Lei Complementar nº 1.100/2021 - regra permanente.",N,FEMININO,S,Valor Médio,,ativa,,importada,,,[],"[""/dispositivos/cf88/art-40-par-1-inc-iii/ec-103-2019.md"", ""/dispositivos/cf88/art-40-par-4b/ec-103-2019.md"", ""/dispositivos/lce-1100-2021/art-24/original.md"", ""/dispositivos/lce-1100-2021/art-27-inc-ii/original.md"", ""/dispositivos/lce-1100-2021/art-34/original.md""]",[],[]
"Voluntária · Policial civil · ingresso até 31/12/2003, pedido a partir de 18/10/2021 · Masculino · integral · paridade",APOSENTADORIA VOLUNTÁRIA POR TEMPO DE CONTRIBUIÇÃO,TRUE,3º,FALSE,FALSE,S,CIVIL,S,,S,N,N,N,N,31/12/2003 00:00,01/01/1950 00:00,31/12/2099 00:00,18/10/2021 00:00,,N,"Aposentadoria especial de policial, com proventos integrais (cálculo por integralidade) e com paridade, com base no artigo 40, §1°, inciso III, segunda parte, e § 4°-B da Constituição Federal, com a redação dada pela Emenda Constitucional nº 103/2019, artigos 25, 27, inciso I, e 34 da Lei Complementar nº 1.100/2021 - regra permanente.",N,MASCULINO,S,Remuneração de Contribuição,,ativa,,importada,,,[],"[""/dispositivos/cf88/art-40-par-1-inc-iii/ec-103-2019.md"", ""/dispositivos/cf88/art-40-par-4b/ec-103-2019.md"", ""/dispositivos/lce-1100-2021/art-25/original.md"", ""/dispositivos/lce-1100-2021/art-27-inc-i/original.md"", ""/dispositivos/lce-1100-2021/art-34/original.md""]",[],[]
"Voluntária · Policial civil · ingresso até 31/12/2003, pedido a partir de 18/10/2021 · Feminino · integral · paridade",APOSENTADORIA VOLUNTÁRIA POR TEMPO DE CONTRIBUIÇÃO,TRUE,3º,FALSE,FALSE,S,CIVIL,S,,S,N,N,N,N,31/12/2003 00:00,01/01/1950 00:00,31/12/2099 00:00,18/10/2021 00:00,,N,"Aposentadoria especial de policial, com proventos integrais (cálculo por integralidade) e com paridade, com base no artigo 40, §1°, inciso III, segunda parte, e § 4°-B da Constituição Federal, com a redação dada pela Emenda Constitucional nº 103/2019, artigos 25, 27, inciso I, e 34 da Lei Complementar nº 1.100/2021 - regra permanente.",N,FEMININO,S,Remuneração de Contribuição,,ativa,,importada,,,[],"[""/dispositivos/cf88/art-40-par-1-inc-iii/ec-103-2019.md"", ""/dispositivos/cf88/art-40-par-4b/ec-103-2019.md"", ""/dispositivos/lce-1100-2021/art-25/original.md"", ""/dispositivos/lce-1100-2021/art-27-inc-i/original.md"", ""/dispositivos/lce-1100-2021/art-34/original.md""]",[],[]
Voluntária · Policial penal · por mandado de injunção · Ambos · integral · média,APOSENTADORIA VOLUNTÁRIA POR TEMPO DE CONTRIBUIÇÃO,TRUE,3º,FALSE,FALSE,N,CIVIL,S,,N,N,N,N,N,31/12/2099 00:00,01/01/1950 00:00,31/12/2099 00:00,01/01/1950 00:00,"Artigo 40, § 1°, inciso III, segunda parte, da Constituição Federal, com redação dada pela Emenda Constitucional nº 103/2019, artigo 7º, § 2º e § 3º, da Emenda à Constituição Estadual nº 146/2021 e artigo 1º, inciso II, alínea ""b"", da Lei Complementar nº 51/1985.",N,"Artigo 40, § 1°, inciso III, segunda parte, da Constituição Federal, com redação dada pela Emenda Constitucional nº 103/2019, artigo 7º, § 2º e § 3º, da Emenda à Constituição Estadual nº 146/2021 e artigo 1º, inciso II, alínea ""b"", da Lei Complementar nº 51/1985.",N,AMBOS,S,Valor Médio,,ativa,,revisada,franklinbaldo,2026-07-30,[],"[""/dispositivos/cf88/art-40-par-1-inc-iii/ec-103-2019.md"", ""/dispositivos/ece-146-2021/art-7-par-2/original.md"", ""/dispositivos/ece-146-2021/art-7-par-3/original.md"", ""/dispositivos/lc-51-1985/art-1-inc-ii-al-b/lc-144-2014.md""]",[],"[{""achado"": ""/achados/achado-0020.md"", ""disposicao"": ""corrigida"", ""justificativa"": ""Corrigida pela renomeação do catálogo inteiro. Esta regra recebeu `nome` pelo padrão de facetas em ordem de anamnese — benefício, categoria especial, regime, e sexo quando gravado —, que é a resposta à questão 1 do achado (\""qual padrão adotar\""). A questão 4 dele — se a correção pertencia ao catálogo auditado da RFC 0004 em vez de a uma edição em `regra-*.md` — foi respondida pela coordenação em 2026-07-30: a auditoria está autorizada a alterar `nome`, e o registro está na Decisão 10 de `docs/analysis/decisoes-de-auditoria-2026-07-30.md`. Duas coisas que esta disposição **não** afirma: que o `P2_IGUALDADE_MATERIAL_ATIVA` sobre esta regra tenha sido tocado, se houver — `nome` está fora da chave material, e os sete grupos P2 do catálogo seguem idênticos, asseverados por teste; e que a padronização deva virar gate, que é a questão 2 do achado e segue aberta."", ""decidido_por"": ""franklinbaldo"", ""decidido_em"": ""2026-07-30""}, {""achado"": ""/achados/achado-0017.md"", ""disposicao"": ""encaminhada"", ""justificativa"": ""O defeito é real nesta regra e a conferência está fechada: as duas `FUNDAMENTACAO*` e o `dispositivos:` invocam a alínea \""b\"" do art. 1º, II da LC 51/1985, que a lei reserva à mulher, enquanto a regra é `sexo: AMBOS`. O § 2º do art. 7º da ECE 146/2021 não fixa tempo de contribuição e manda buscá-lo naquela lei complementar, então, para o requerente homem, a única provisão que a regra invoca para o período adicional é a que não se aplica a ele. **Por que não é `corrigida`, ao contrário da `regra-0078`.** A Decisão 10 de `docs/analysis/decisoes-de-auditoria-2026-07-30.md` autoriza a auditoria a alterar `FUNDAMENTACAO*`, mas autorização para reescrever não é conhecimento do que escrever. Na `regra-0078` o texto correto era determinado — regra de um sexo só, alínea daquele sexo. Aqui não é: acrescentar a alínea \""a\"" pressupõe que a regra alcance os dois sexos pelo regime da LC 51/1985, e o que esta regra aplica depende do provimento judicial que lhe dá nome, que não foi localizado. O levantamento em `docs/analysis/fontes-do-mandado-de-injuncao-dos-agentes-penitenciarios.md` chega a um candidato provável — o MI nº 1.545/DF —, e o próprio documento registra que o vínculo permanece inferencial e que aquele provimento determina análise à luz do art. 57 da Lei 8.213/1991, sem mencionar a LC 51/1985. Corrigir sob essa incerteza seria inventar citação. **Por que não é `nao_se_aplica`.** O defeito se materializa aqui, e é nesta regra que ele é mais grave: `simulavel: N`, logo a triagem é humana e a fundamentação é justamente o que a pessoa lê para decidir. Duas coisas que esta disposição **não** afirma: que o motor afira 25/15 em vez de 30/20 — tempo de contribuição e tempo de exercício policial não têm coluna, e esta regra sequer é simulável; e que o achado esteja fechado — ele segue aberto, e esta é a única regra da população que ainda carrega o defeito."", ""decidido_por"": ""franklinbaldo"", ""decidido_em"": ""2026-07-30"", ""decisao_pendente_de"": ""IPERON, como titular do produto: localizar o ato, parecer ou nota técnica que liga este cadastro ao provimento judicial que lhe dá nome. Sem ele não se sabe qual regime a regra aplica, e portanto nem qual citação a corrige.""}, {""achado"": ""/achados/achado-0055.md"", ""disposicao"": ""encaminhada"", ""justificativa"": ""A divergência é fato do catálogo e está conferida: das treze regras que vinculam o § 1º, § 2º ou § 3º do art. 7º da ECE 146/2021, esta é a única que grava sentinela em `data_adm_ate`; oito gravam `13/11/2019`, que é a data que o *caput* nomeia, e quatro gravam outros dois valores. Sob a hipótese de trabalho declarada no achado — `DATA_ADM_*` é data de admissão, confirmado pela empresa responsável pelo Sisprev —, esta regra não recorta por entrada onde o dispositivo que ela vincula recorta, e o desvio é ampliativo: uma regra de transição sem a fronteira que a define deixa de ser transição. **Por que não é `corrigida`.** Gravar `13/11/2019` aqui seria a leitura mais simples e é justamente o que o achado se recusa a afirmar: quatro valores distintos convivem entre regras que declaram o mesmo vínculo, e enquanto não se souber por que `regra-0109`–`regra-0112` gravam `31/12/2024` e `31/12/2003` não se sabe se `13/11/2019` é o valor certo ou apenas o mais frequente. Escolher pela frequência é o modo de falha da RFC 0008 — leitura plausível gravada em campo deployável sem conferência que a sustente. Some- se a isso que o levantamento sobre o mandado de injunção registra a hipótese de esta regra ser cadastro antigo reparametrizado, caso em que a ausência de recorte teria causa própria e não seria lapso. **Por que não é `nao_se_aplica`.** O campo é deployável e a divergência é material — `data_adm_ate` integra a chave do `P2_IGUALDADE_MATERIAL_ATIVA`. Que a regra seja `simulavel: N` não afasta o defeito: desloca-o para o que o operador entende ao ver o campo, que é a questão 4 do achado. Esta disposição **não** afirma que alguma concessão tenha ocorrido fora do recorte — depende de caso concreto, que o catálogo não registra —, nem que `13/11/2019` seja o valor a gravar."", ""decidido_por"": ""franklinbaldo"", ""decidido_em"": ""2026-07-30"", ""decisao_pendente_de"": ""IPERON, como titular do produto, em duas frentes que a auditoria não fecha sozinha: por que `regra-0109`–`regra-0112` gravam datas diferentes com o mesmo vínculo de dispositivo, que é anterior a propor valor para esta regra; e se \""admissão\"" e \""ingresso na respectiva carreira\"" coincidem no Sisprev, já que o *caput* recorta pelo segundo e o campo marca o primeiro.""}, {""achado"": ""/achados/achado-0058.md"", ""disposicao"": ""encaminhada"", ""justificativa"": ""Esta regra vincula o § 3º do art. 7º da ECE 146/2021 — totalidade da remuneração no cargo efetivo, com reajuste vinculado ao servidor em atividade — e grava `paridade: N` com `tipo_calculo: Valor Médio`, contra as dez regras do mesmo vínculo que gravam `paridade: S` com `Remuneração de Contribuição`. **Aqui a contradição é também interna, e é ela que impede corrigir.** A regra grava `integral: S` **e** `Valor Médio` no mesmo documento. Se a base é a média das maiores remunerações de 80% do período contributivo, não é a totalidade da remuneração do cargo efetivo, e `integral: S` deixa de descrever o que a regra faz. A combinação não corresponde a nenhum dos dois regimes do art. 7º, nem à hipótese do optante do § 16 que o achado registra para as outras duas regras da população. Enquanto não se souber o que ela pretendia afirmar, corrigir um dos dois campos é escolher por conveniência qual metade do documento é a verdadeira. **Some-se o que já está encaminhado nesta regra.** O `achado-0017` e o `achado-0055` também dependem de saber qual regime esta regra aplica, e a causa comum é a mesma: o provimento judicial que lhe dá nome não foi localizado. Três defeitos distintos convergindo no mesmo documento faltante é razão para encaminhar, não para arbitrar cada um deles em separado. **Por que não é `nao_se_aplica`.** Os campos são deployáveis e a incompatibilidade é legível no próprio documento. Que a regra seja `simulavel: N` desloca o efeito para a triagem humana, não o afasta."", ""decidido_por"": ""franklinbaldo"", ""decidido_em"": ""2026-07-30"", ""decisao_pendente_de"": ""IPERON, como titular do produto: o ato, parecer ou nota técnica que reconstrói o regime aplicado por esta regra. É o mesmo documento que o `achado-0017` e o `achado-0055` aguardam, e sem ele não se sabe se o que está errado é `paridade`, `integral`, `tipo_calculo` ou o vínculo com o § 3º.""}]"
Voluntária · ingresso até 16/12/1998 · Feminino · integral · paridade,APOSENTADORIA VOLUNTÁRIA POR TEMPO DE CONTRIBUIÇÃO,TRUE,3º,FALSE,FALSE,N,CIVIL,N,,S,N,N,N,N,16/12/1998 00:00,01/01/1950 00:00,31/12/2099 00:00,01/01/1950 00:00,,N,"Artigo 3º da Emenda Constitucional nº 47/2005, artigo 4º da Emenda à Constituição Estadual nº 146/2021 e artigo 40, § 1°, inciso III, segunda parte, da Constituição Federal, com a redação dada pela Emenda Constitucional nº 103/2019",N,FEMININO,S,Remuneração de Contribuição,,ativa,,importada,,,[],"[""/dispositivos/cf88/art-40-par-1-inc-iii/ec-103-2019.md"", ""/dispositivos/ec-47-2005/art-3/original.md"", ""/dispositivos/ece-146-2021/art-4/original.md""]",[],[]
Voluntária · ingresso até 16/12/1998 · Masculino · integral · paridade,APOSENTADORIA VOLUNTÁRIA POR TEMPO DE CONTRIBUIÇÃO,TRUE,3º,FALSE,FALSE,N,CIVIL,N,,S,N,N,N,N,16/12/1998 00:00,01/01/1950 00:00,31/12/2099 00:00,01/01/1950 00:00,,N,"Artigo 3º da Emenda Constitucional nº 47/2005, artigo 4º da Emenda à Constituição Estadual nº 146/2021 e artigo 40, § 1°, inciso III, segunda parte, da Constituição Federal, com a redação dada pela Emenda Constitucional nº 103/2019",N,MASCULINO,S,Remuneração de Contribuição,,ativa,,importada,,,[],"[""/dispositivos/cf88/art-40-par-1-inc-iii/ec-103-2019.md"", ""/dispositivos/ec-47-2005/art-3/original.md"", ""/dispositivos/ece-146-2021/art-4/original.md""]",[],[]
"INVÁLIDA · Voluntária · ingresso até 16/12/1998, requisitos antes de 01/12/2002 · paridade",APOSENTADORIA VOLUNTÁRIA POR TEMPO DE CONTRIBUIÇÃO,TRUE,4º,FALSE,FALSE,N,CIVIL,N,,S,N,N,N,N,16/12/1998 00:00,01/01/1900 00:00,01/12/2002 00:00,01/01/1900 00:00,"Art. 40, inciso III, alínea ""c"" da Constituição Federal de 1988 em seu texto original",N,"Art. 40, inciso III, alínea ""a"" da Constituição Federal de 1988 em seu texto original",N,,,Não identificado,,ativa,,importada,,,[],"[""/dispositivos/cf88/art-40-inc-iii-al-a/original.md"", ""/dispositivos/cf88/art-40-inc-iii-al-c/original.md""]",[],[]
"INVÁLIDA · Voluntária · Magistério · ingresso até 16/12/1998, requisitos antes de 16/12/1998 · paridade",APOSENTADORIA VOLUNTÁRIA POR TEMPO DE CONTRIBUIÇÃO,TRUE,4º,FALSE,FALSE,N,CIVIL,S,,S,N,N,N,N,16/12/1998 00:00,01/01/1910 00:00,16/12/1998 00:00,01/01/1910 00:00,,N,"Art. 40, inciso III, alínea ""b"" da Constituição Federal de 1988 em seu texto original",N,,,Não identificado,,ativa,,importada,,,[],"[""/dispositivos/cf88/art-40-inc-iii-al-b/original.md""]",[],[]
"INVÁLIDA · Voluntária · ingresso até 31/12/2003, requisitos a partir de 16/12/1998 e antes de 31/12/2003 · paridade",APOSENTADORIA VOLUNTÁRIA POR TEMPO DE CONTRIBUIÇÃO,TRUE,4º,FALSE,FALSE,N,CIVIL,N,,S,N,N,N,N,31/12/2003 00:00,01/01/1910 00:00,31/12/2003 00:00,16/12/1998 00:00,"Art 40, §1º, III, alinea ""a"" da CF com redação da EC 20/98",N,"Art 40, §1º, III, alinea ""a"" da CF com redação da EC 20/98",N,,,Não identificado,,ativa,,importada,,,[],"[""/dispositivos/cf88/art-40-par-1-inc-iii-al-a/ec-20-1998.md""]",[],[]
"INVÁLIDA · Voluntária · Magistério · ingresso até 31/12/2003, requisitos a partir de 16/12/1998 e antes de 31/12/2003 · paridade",APOSENTADORIA VOLUNTÁRIA POR TEMPO DE CONTRIBUIÇÃO,TRUE,4º,FALSE,FALSE,N,CIVIL,S,,S,N,N,N,N,31/12/2003 00:00,01/01/1910 00:00,31/12/2003 00:00,16/12/1998 00:00,,N,"Art 40, §1º, III, alinea ""a"", §5º da CF com redação da EC 20/98",N,,,Não identificado,,ativa,,importada,,,[],"[""/dispositivos/cf88/art-40-par-1-inc-iii-al-a/ec-20-1998.md"", ""/dispositivos/cf88/art-40-par-5/ec-20-1998.md""]",[],[]
"INVÁLIDA · Voluntária · ingresso até 16/12/1998, requisitos a partir de 16/12/1998 e antes de 31/12/2003 · paridade",APOSENTADORIA VOLUNTÁRIA POR TEMPO DE CONTRIBUIÇÃO,TRUE,4º,FALSE,FALSE,S,CIVIL,N,,S,N,N,N,N,16/12/1998 00:00,01/01/1910 00:00,31/12/2003 00:00,16/12/1998 00:00,,N,"Aposentadoria voluntária por idade e tempo de contribuição, com proventos integrais (cálculo por integralidade) e com paridade, com base no artigo 40, § 1°, inciso III, segunda parte, da Constituição Federal, com a redação dada pela Emenda Constitucional nº 103/2019, artigo 4º da Emenda à Constituição Estadual nº 146/2021 e artigo 8º da Emenda Constitucional nº 20/1998 - fundamento - regra de transição - EC 20/98 da CF",N,,,Não identificado,,ativa,,importada,,,[],"[""/dispositivos/cf88/art-40-par-1-inc-iii/ec-103-2019.md"", ""/dispositivos/ec-20-1998/art-8/original.md"", ""/dispositivos/ece-146-2021/art-4/original.md""]",[],[]
"INVÁLIDA · Voluntária · Magistério · ingresso até 16/12/1998, requisitos a partir de 16/12/1998 e antes de 31/12/2003 · paridade",APOSENTADORIA VOLUNTÁRIA POR TEMPO DE CONTRIBUIÇÃO,TRUE,4º,FALSE,FALSE,N,CIVIL,S,,S,N,N,N,N,16/12/1998 00:00,01/01/1910 00:00,31/12/2003 00:00,16/12/1998 00:00,,N,"Aposentadoria voluntária por idade e tempo de contribuição, com proventos integrais (cálculo por integralidade) e com paridade, com base no artigo 40, § 1°, inciso III, segunda parte, da Constituição Federal, com a redação dada pela Emenda Constitucional nº 103/2019, artigo 4º da Emenda à Constituição Estadual nº 146/2021 e artigo 8º da Emenda Constitucional nº 20/1998 - fundamento - regra de transição - EC 20/98 da CF",N,,,Não identificado,,ativa,,importada,,,[],"[""/dispositivos/cf88/art-40-par-1-inc-iii/ec-103-2019.md"", ""/dispositivos/ec-20-1998/art-8/original.md"", ""/dispositivos/ece-146-2021/art-4/original.md""]",[],[]
"Voluntária · ingresso até 31/12/2024, requisitos a partir de 31/12/2003 e antes de 31/12/2024 · Masculino · integral · média",APOSENTADORIA VOLUNTÁRIA POR TEMPO DE CONTRIBUIÇÃO,TRUE,4º,FALSE,FALSE,S,CIVIL,N,,N,N,N,N,N,31/12/2024 00:00,01/01/1950 00:00,31/12/2024 00:00,31/12/2003 00:00,,N,"Artigo 40, §1º, inciso III, alínea ""a"", da Constituição Federal, com redação dada pela Emenda Constitucional nº 20/1998 e artigo 40, §§ 3º e 8º com redação dada pela Emenda Constitucional nº 41/2003, art. 4° da Emenda à Constituição Estadual - CF",N,MASCULINO,S,Valor Médio,,ativa,,importada,,,[],"[""/dispositivos/cf88/art-40-par-1-inc-iii-al-a/ec-20-1998.md""]",[],[]
"Voluntária · ingresso até 31/12/2024, requisitos a partir de 31/12/2003 e antes de 31/12/2024 · Feminino · integral · média",APOSENTADORIA VOLUNTÁRIA POR TEMPO DE CONTRIBUIÇÃO,TRUE,4º,FALSE,FALSE,S,CIVIL,N,,N,N,N,N,N,31/12/2024 00:00,01/01/1950 00:00,31/12/2024 00:00,31/12/2003 00:00,,N,"Artigo 40, §1º, inciso III, alínea ""a"", da Constituição Federal, com redação dada pela Emenda Constitucional nº 20/1998 e artigo 40, §§ 3º e 8º com redação dada pela Emenda Constitucional nº 41/2003, art. 4° da Emenda à Constituição Estadual - CF",N,FEMININO,S,Valor Médio,,ativa,,importada,,,[],"[""/dispositivos/cf88/art-40-par-1-inc-iii-al-a/ec-20-1998.md""]",[],[]
"Voluntária · Magistério · ingresso até 31/12/2024, requisitos a partir de 31/12/2003 e antes de 31/12/2024 · Masculino · integral · média",APOSENTADORIA VOLUNTÁRIA POR TEMPO DE CONTRIBUIÇÃO,TRUE,4º,FALSE,FALSE,S,CIVIL,S,,N,N,N,N,N,31/12/2024 00:00,01/01/1950 00:00,31/12/2024 00:00,31/12/2003 00:00,,N,"Artigo 40, § 5°, da Constituição Federal, com redação dada pela Emenda Constitucional nº 103/2019, artigos 25, 27, I; 33, da Lei Complementar nº 1.100/2021 e artigo 40, § 1°, inciso III, segunda parte, da Constituição Federal, com a redação dada pela Emenda Constitucional nº 103/2019 - regra permanente da aposentadoria especial de professor.",N,MASCULINO,S,Valor Médio,,ativa,,importada,,,[],"[""/dispositivos/cf88/art-40-par-1-inc-iii/ec-103-2019.md"", ""/dispositivos/cf88/art-40-par-5/ec-103-2019.md"", ""/dispositivos/lce-1100-2021/art-25/original.md"", ""/dispositivos/lce-1100-2021/art-27-inc-i/original.md"", ""/dispositivos/lce-1100-2021/art-33/original.md""]",[],[]
"Voluntária · Magistério · ingresso até 31/12/2024, requisitos a partir de 31/12/2003 e antes de 31/12/2024 · Feminino · integral · média",APOSENTADORIA VOLUNTÁRIA POR TEMPO DE CONTRIBUIÇÃO,TRUE,4º,FALSE,FALSE,S,CIVIL,S,,N,N,N,N,N,31/12/2024 00:00,01/01/1950 00:00,31/12/2024 00:00,31/12/2003 00:00,,N,"Artigo 40, § 5°, da Constituição Federal, com redação dada pela Emenda Constitucional nº 103/2019, artigos 25, 27, I; 33, da Lei Complementar nº 1.100/2021 e artigo 40, § 1°, inciso III, segunda parte, da Constituição Federal, com a redação dada pela Emenda Constitucional nº 103/2019 - regra permanente da aposentadoria especial de professor.",N,FEMININO,S,Valor Médio,,ativa,,importada,,,[],"[""/dispositivos/cf88/art-40-par-1-inc-iii/ec-103-2019.md"", ""/dispositivos/cf88/art-40-par-5/ec-103-2019.md"", ""/dispositivos/lce-1100-2021/art-25/original.md"", ""/dispositivos/lce-1100-2021/art-27-inc-i/original.md"", ""/dispositivos/lce-1100-2021/art-33/original.md""]",[],[]
"Voluntária · ingresso até 16/12/1998, requisitos a partir de 31/12/2003 e antes de 31/12/2024 · Masculino · integral · média",APOSENTADORIA VOLUNTÁRIA POR TEMPO DE CONTRIBUIÇÃO,TRUE,4º,FALSE,FALSE,S,CIVIL,N,,N,N,N,N,N,16/12/1998 00:00,01/01/1950 00:00,31/12/2024 00:00,31/12/2003 00:00,,N,"Aposentadoria voluntária por idade e tempo de contribuição, com proventos integrais (Média aritmética das contribuições), com Aplicação do redutor de idade (se houver antecipação) e sem paridade, com base no artigo 40, § 1°, inciso III, segunda parte, da Constituição Federal, com a redação dada pela Emenda Constitucional nº 103/2019, artigo 4º da Emenda à Constituição Estadual nº 146/2021 e artigo 2º da Emenda Constitucional nº 41/2003 - fundamento - regra de transição - EC 41/03 - CF",N,MASCULINO,S,Valor Médio com Redutor da Idade,,ativa,,importada,,,[],"[""/dispositivos/cf88/art-40-par-1-inc-iii/ec-103-2019.md"", ""/dispositivos/ec-41-2003/art-2/original.md"", ""/dispositivos/ece-146-2021/art-4/original.md""]",[],[]
"Voluntária · ingresso até 16/12/1998, requisitos a partir de 31/12/2003 e antes de 31/12/2024 · Feminino · integral · média",APOSENTADORIA VOLUNTÁRIA POR TEMPO DE CONTRIBUIÇÃO,TRUE,4º,FALSE,FALSE,S,CIVIL,N,,N,N,N,N,N,16/12/1998 00:00,01/01/1950 00:00,31/12/2024 00:00,31/12/2003 00:00,,N,"Aposentadoria voluntária por idade e tempo de contribuição, com proventos integrais (Média aritmética das contribuições), com Aplicação do redutor de idade (se houver antecipação) e sem paridade, com base no artigo 40, § 1°, inciso III, segunda parte, da Constituição Federal, com a redação dada pela Emenda Constitucional nº 103/2019, artigo 4º da Emenda à Constituição Estadual nº 146/2021 e artigo 2º da Emenda Constitucional nº 41/2003 - fundamento - regra de transição - EC 41/03 - CF",N,FEMININO,S,Valor Médio com Redutor da Idade,,ativa,,importada,,,[],"[""/dispositivos/cf88/art-40-par-1-inc-iii/ec-103-2019.md"", ""/dispositivos/ec-41-2003/art-2/original.md"", ""/dispositivos/ece-146-2021/art-4/original.md""]",[],[]
"Voluntária · Magistério · ingresso até 16/12/1998, requisitos a partir de 31/12/2003 e antes de 31/12/2024 · Masculino · integral · média",APOSENTADORIA VOLUNTÁRIA POR TEMPO DE CONTRIBUIÇÃO,TRUE,4º,FALSE,FALSE,S,CIVIL,S,,N,N,N,N,N,16/12/1998 00:00,01/01/1950 00:00,31/12/2024 00:00,31/12/2003 00:00,,N,"Aposentadoria voluntária por idade e tempo de contribuição, com proventos integrais (Média aritmética das contribuições), com Aplicação do redutor de idade (se houver antecipação) e sem paridade, com base no artigo 40, § 1°, inciso III, segunda parte, da Constituição Federal, com a redação dada pela Emenda Constitucional nº 103/2019, artigo 4º da Emenda à Constituição Estadual nº 146/2021 e artigo 2º da Emenda Constitucional nº 41/2003 - fundamento - regra de transição - EC 41/03 - CF",N,MASCULINO,S,Valor Médio com Redutor da Idade,,ativa,,importada,,,[],"[""/dispositivos/cf88/art-40-par-1-inc-iii/ec-103-2019.md"", ""/dispositivos/ec-41-2003/art-2/original.md"", ""/dispositivos/ece-146-2021/art-4/original.md""]",[],[]
"Voluntária · Magistério · ingresso até 16/12/1998, requisitos a partir de 31/12/2003 e antes de 31/12/2024 · Feminino · integral · média",APOSENTADORIA VOLUNTÁRIA POR TEMPO DE CONTRIBUIÇÃO,TRUE,4º,FALSE,FALSE,S,CIVIL,S,,N,N,N,N,N,16/12/1998 00:00,01/01/1950 00:00,31/12/2024 00:00,31/12/2003 00:00,,N,"Aposentadoria voluntária por idade e tempo de contribuição, com proventos integrais (Média aritmética das contribuições), com Aplicação do redutor de idade (se houver antecipação) e sem paridade, com base no artigo 40, § 1°, inciso III, segunda parte, da Constituição Federal, com a redação dada pela Emenda Constitucional nº 103/2019, artigo 4º da Emenda à Constituição Estadual nº 146/2021 e artigo 2º da Emenda Constitucional nº 41/2003 - fundamento - regra de transição - EC 41/03 - CF",N,FEMININO,S,Valor Médio com Redutor da Idade,,ativa,,importada,,,[],"[""/dispositivos/cf88/art-40-par-1-inc-iii/ec-103-2019.md"", ""/dispositivos/ec-41-2003/art-2/original.md"", ""/dispositivos/ece-146-2021/art-4/original.md""]",[],[]
"Voluntária · ingresso até 31/12/2003, requisitos a partir de 31/12/2003 e antes de 31/12/2024 · Masculino · integral · paridade",APOSENTADORIA VOLUNTÁRIA POR TEMPO DE CONTRIBUIÇÃO,TRUE,4º,FALSE,FALSE,S,CIVIL,N,,S,N,N,N,N,31/12/2003 00:00,01/01/1910 00:00,31/12/2024 00:00,31/12/2003 00:00,,N,"Aposentadoria voluntária por idade e tempo de contribuição, com proventos integrais (cálculo por integralidade) e com paridade, com base no artigo 40, § 1°, inciso III, segunda parte, da Constituição Federal, com a redação dada pela Emenda Constitucional nº 103/2019, artigo 4º da Emenda à Constituição Estadual nº 146/2021 e artigo 6º da Emenda Constitucional nº 41/2003 - fundamento - regra de transição - EC 41/03 - CF",N,MASCULINO,S,Remuneração de Contribuição,,ativa,,importada,,,[],"[""/dispositivos/cf88/art-40-par-1-inc-iii/ec-103-2019.md"", ""/dispositivos/ec-41-2003/art-6/original.md"", ""/dispositivos/ece-146-2021/art-4/original.md""]",[],[]
"Voluntária · ingresso até 31/12/2003, requisitos a partir de 31/12/2003 e antes de 31/12/2024 · Feminino · integral · paridade",APOSENTADORIA VOLUNTÁRIA POR TEMPO DE CONTRIBUIÇÃO,TRUE,4º,FALSE,FALSE,S,CIVIL,N,,S,N,N,N,N,31/12/2003 00:00,01/01/1910 00:00,31/12/2024 00:00,31/12/2003 00:00,,N,"Aposentadoria voluntária por idade e tempo de contribuição, com proventos integrais (cálculo por integralidade) e com paridade, com base no artigo 40, § 1°, inciso III, segunda parte, da Constituição Federal, com a redação dada pela Emenda Constitucional nº 103/2019, artigo 4º da Emenda à Constituição Estadual nº 146/2021 e artigo 6º da Emenda Constitucional nº 41/2003 - fundamento - regra de transição - EC 41/03 - CF",N,FEMININO,S,Remuneração de Contribuição,,ativa,,importada,,,[],"[""/dispositivos/cf88/art-40-par-1-inc-iii/ec-103-2019.md"", ""/dispositivos/ec-41-2003/art-6/original.md"", ""/dispositivos/ece-146-2021/art-4/original.md""]",[],[]
"Voluntária · Magistério · ingresso até 31/12/2003, requisitos a partir de 31/12/2003 e antes de 31/12/2024 · Masculino · integral · paridade",APOSENTADORIA VOLUNTÁRIA POR TEMPO DE CONTRIBUIÇÃO,TRUE,4º,FALSE,FALSE,S,CIVIL,S,,S,N,N,N,N,31/12/2003 00:00,01/01/1950 00:00,31/12/2024 00:00,31/12/2003 00:00,,N,"Aposentadoria especial de professor, com proventos integrais (cálculo por integralidade) e com paridade, com base no artigo 6º da Emenda Constitucional nº 41/2003, artigos 24, 46 e 63 da Lei Complementar nº 432/2008, artigo 4º da Emenda à Constituição Estadual nº 146/2021 e artigo 40, § 1°, inciso III, segunda parte, da Constituição Federal, com a redação dada pela Emenda Constitucional nº 103/2019 - fundamento - especial de professor - regra transitória - EC 41/03",N,MASCULINO,S,Remuneração de Contribuição,,ativa,,importada,,,[],"[""/dispositivos/cf88/art-40-par-1-inc-iii/ec-103-2019.md"", ""/dispositivos/ec-41-2003/art-6/original.md"", ""/dispositivos/ece-146-2021/art-4/original.md"", ""/dispositivos/lce-432-2008/art-24/original.md"", ""/dispositivos/lce-432-2008/art-46/original.md"", ""/dispositivos/lce-432-2008/art-63/original.md""]",[],[]
"Voluntária · Magistério · ingresso até 31/12/2003, requisitos a partir de 31/12/2003 e antes de 31/12/2024 · Feminino · integral · paridade",APOSENTADORIA VOLUNTÁRIA POR TEMPO DE CONTRIBUIÇÃO,TRUE,4º,FALSE,FALSE,S,CIVIL,S,,S,N,N,N,N,31/12/2003 00:00,01/01/1950 00:00,31/12/2024 00:00,31/12/2003 00:00,,N,"Aposentadoria especial de professor, com proventos integrais (cálculo por integralidade) e com paridade, com base no artigo 6º da Emenda Constitucional nº 41/2003, artigos 24, 46 e 63 da Lei Complementar nº 432/2008, artigo 4º da Emenda à Constituição Estadual nº 146/2021 e artigo 40, § 1°, inciso III, segunda parte, da Constituição Federal, com a redação dada pela Emenda Constitucional nº 103/2019 - fundamento - especial de professor - regra transitória - EC 41/03",N,FEMININO,S,Remuneração de Contribuição,,ativa,,importada,,,[],"[""/dispositivos/cf88/art-40-par-1-inc-iii/ec-103-2019.md"", ""/dispositivos/ec-41-2003/art-6/original.md"", ""/dispositivos/ece-146-2021/art-4/original.md"", ""/dispositivos/lce-432-2008/art-24/original.md"", ""/dispositivos/lce-432-2008/art-46/original.md"", ""/dispositivos/lce-432-2008/art-63/original.md""]",[],[]
"Voluntária · ingresso até 16/12/1998, requisitos a partir de 31/12/2003 e antes de 31/12/2024 · Masculino · integral · paridade",APOSENTADORIA VOLUNTÁRIA POR TEMPO DE CONTRIBUIÇÃO,TRUE,4º,FALSE,FALSE,S,CIVIL,N,,S,N,N,N,N,16/12/1998 00:00,01/01/1910 00:00,31/12/2024 00:00,31/12/2003 00:00,,N,"Aposentadoria voluntária por idade e tempo de contribuição, com proventos integrais (cálculo por integralidade) e com paridade, com base no artigo 40, § 1°, inciso III, segunda parte, da Constituição Federal, com a redação dada pela Emenda Constitucional nº 103/2019, artigo 4º da Emenda à Constituição Estadual nº 146/2021 e artigo 3º da Emenda Constitucional nº 47/2005.- fundamento - regra de transição - EC 47/05 - comum- CF",N,MASCULINO,S,Remuneração de Contribuição,,ativa,,importada,,,[],"[""/dispositivos/cf88/art-40-par-1-inc-iii/ec-103-2019.md"", ""/dispositivos/ec-47-2005/art-3/original.md"", ""/dispositivos/ece-146-2021/art-4/original.md""]",[],[]
"Voluntária · ingresso até 16/12/1998, requisitos a partir de 31/12/2003 e antes de 31/12/2024 · Feminino · integral · paridade",APOSENTADORIA VOLUNTÁRIA POR TEMPO DE CONTRIBUIÇÃO,TRUE,4º,FALSE,FALSE,S,CIVIL,N,,S,N,N,N,N,16/12/1998 00:00,01/01/1910 00:00,31/12/2024 00:00,31/12/2003 00:00,,N,"Aposentadoria voluntária por idade e tempo de contribuição, com proventos integrais (cálculo por integralidade) e com paridade, com base no artigo 40, § 1°, inciso III, segunda parte, da Constituição Federal, com a redação dada pela Emenda Constitucional nº 103/2019, artigo 4º da Emenda à Constituição Estadual nº 146/2021 e artigo 3º da Emenda Constitucional nº 47/2005.- fundamento - regra de transição - EC 47/05 - comum- CF",N,FEMININO,S,Remuneração de Contribuição,,ativa,,importada,,,[],"[""/dispositivos/cf88/art-40-par-1-inc-iii/ec-103-2019.md"", ""/dispositivos/ec-47-2005/art-3/original.md"", ""/dispositivos/ece-146-2021/art-4/original.md""]",[],[]
Voluntária · Magistério · requisitos a partir de 31/12/2003 e antes de 31/12/2024 · Masculino · proporcional · média,APOSENTADORIA VOLUNTÁRIA POR TEMPO DE CONTRIBUIÇÃO,TRUE,4º,FALSE,FALSE,S,CIVIL,S,,N,N,N,N,N,31/12/2099 00:00,01/01/1950 00:00,31/12/2024 00:00,31/12/2003 00:00,,N,"Aposentadoria especial de professor, com proventos integrais (cálculo por integralidade) e com paridade, com base no artigo 40, § 5°, da Constituição Federal, com redação dada pela Emenda Constitucional nº 103/2019, artigos 25, 27, I; 33, da Lei Complementar nº 1.100/2021 e artigo 40, § 1°, inciso III, segunda parte, da Constituição Federal, com a redação dada pela Emenda Constitucional nº 103/2019 - regra permanente da aposentadoria especial de professor.",N,MASCULINO,N,Valor Médio,,ativa,,importada,,,[],"[""/dispositivos/cf88/art-40-par-1-inc-iii/ec-103-2019.md"", ""/dispositivos/cf88/art-40-par-5/ec-103-2019.md"", ""/dispositivos/lce-1100-2021/art-25/original.md"", ""/dispositivos/lce-1100-2021/art-27-inc-i/original.md"", ""/dispositivos/lce-1100-2021/art-33/original.md""]",[],[]
Voluntária · Magistério · requisitos a partir de 31/12/2003 e antes de 31/12/2024 · Feminino · proporcional · média,APOSENTADORIA VOLUNTÁRIA POR TEMPO DE CONTRIBUIÇÃO,TRUE,4º,FALSE,FALSE,S,CIVIL,S,,N,N,N,N,N,31/12/2099 00:00,01/01/1950 00:00,31/12/2024 00:00,31/12/2003 00:00,,N,"Aposentadoria especial de professor, com proventos integrais (cálculo por integralidade) e com paridade, com base no artigo 40, § 5°, da Constituição Federal, com redação dada pela Emenda Constitucional nº 103/2019, artigos 25, 27, I; 33, da Lei Complementar nº 1.100/2021 e artigo 40, § 1°, inciso III, segunda parte, da Constituição Federal, com a redação dada pela Emenda Constitucional nº 103/2019 - regra permanente da aposentadoria especial de professor.",N,FEMININO,N,Valor Médio,,ativa,,importada,,,[],"[""/dispositivos/cf88/art-40-par-1-inc-iii/ec-103-2019.md"", ""/dispositivos/cf88/art-40-par-5/ec-103-2019.md"", ""/dispositivos/lce-1100-2021/art-25/original.md"", ""/dispositivos/lce-1100-2021/art-27-inc-i/original.md"", ""/dispositivos/lce-1100-2021/art-33/original.md""]",[],[]
"Voluntária · Policial civil · ingresso após 31/12/2003 e até 31/12/2024, requisitos antes de 31/12/2024 · Masculino · proporcional · média",APOSENTADORIA VOLUNTÁRIA POR TEMPO DE CONTRIBUIÇÃO,TRUE,4º,FALSE,FALSE,S,CIVIL,S,,N,N,N,N,N,31/12/2024 00:00,31/12/2003 00:00,31/12/2024 00:00,01/01/1910 00:00,,N,"Aposentadoria especial de policial, com proventos integrais (cálculo por média) e sem paridade, com base no artigo 7º, §§ 2º e 3º da Emenda Constitucional Estadual nº 146/2021, artigo 1º, inciso II, alínea ""b"", da Lei Complementar nº 51/1985 e artigo 40, §1°, inciso III, segunda parte, da Constituição Federal, com a redação dada pela Emenda Constitucional nº 103/2019 - regra transitória mulher - idade + tempo + pedágio | Aposentadoria especial de policial, com proventos integrais (cálculo por média) e sem paridade, com base no artigo 7º, §§ 2º e 3º da Emenda Constitucional Estadual nº 146/2021, artigo 1º, inciso II, alínea ""a"", da Lei Complementar nº 51/1985 e artigo 40, §1°, inciso III, segunda parte, da Constituição Federal, com a redação dada pela Emenda Constitucional nº 103/2019 - regra transitória de homem - idade + tempo + pedágio",N,MASCULINO,N,Valor Médio,,ativa,,importada,,,[],"[""/dispositivos/cf88/art-40-par-1-inc-iii/ec-103-2019.md"", ""/dispositivos/ece-146-2021/art-7-par-2/original.md"", ""/dispositivos/ece-146-2021/art-7-par-3/original.md"", ""/dispositivos/lc-51-1985/art-1-inc-ii-al-a/lc-144-2014.md""]",[],"[{""achado"": ""/achados/achado-0020.md"", ""disposicao"": ""corrigida"", ""justificativa"": ""Corrigida pela renomeação do catálogo inteiro. Esta regra recebeu `nome` pelo padrão de facetas em ordem de anamnese — benefício, categoria especial, regime, e sexo quando gravado —, que é a resposta à questão 1 do achado (\""qual padrão adotar\""). A questão 4 dele — se a correção pertencia ao catálogo auditado da RFC 0004 em vez de a uma edição em `regra-*.md` — foi respondida pela coordenação em 2026-07-30: a auditoria está autorizada a alterar `nome`, e o registro está na Decisão 10 de `docs/analysis/decisoes-de-auditoria-2026-07-30.md`. Duas coisas que esta disposição **não** afirma: que o `P2_IGUALDADE_MATERIAL_ATIVA` sobre esta regra tenha sido tocado, se houver — `nome` está fora da chave material, e os sete grupos P2 do catálogo seguem idênticos, asseverados por teste; e que a padronização deva virar gate, que é a questão 2 do achado e segue aberta."", ""decidido_por"": ""franklinbaldo"", ""decidido_em"": ""2026-07-30""}, {""achado"": ""/achados/achado-0058.md"", ""disposicao"": ""encaminhada"", ""justificativa"": ""A divergência entre os campos de cálculo e o dispositivo citado é fato do catálogo e está conferida: esta regra vincula o § 3º do art. 7º da ECE 146/2021, que manda pagar a totalidade da remuneração no cargo efetivo com reajuste vinculado ao servidor em atividade, e grava `paridade: N`, `integral: N` e `tipo_calculo: Valor Médio` — nenhuma das duas coisas que o parágrafo determina. Das treze regras que vinculam esse parágrafo, dez gravam `paridade: S` com `Remuneração de Contribuição`. **Por que não é `corrigida`.** Há duas correções opostas e o catálogo não contém o fato que decide entre elas. O § 3º exclui quem fez a opção do § 16 do art. 40 da CF — a adesão à previdência complementar —, e se esta regra for a do servidor optante os valores gravados descrevem o cálculo corretamente e o defeito é de citação, não de parametrização. Não há coluna de adesão à previdência complementar no cadastro, então a hipótese não se confirma nem se afasta daqui. Editar os campos de cálculo sob essa incerteza mudaria o valor do benefício com base numa leitura não verificada, que é o modo de falha da RFC 0008 — e neste caso sobre a coluna que mais pesa. **Por que não é `nao_se_aplica`.** O defeito se materializa aqui de um jeito ou de outro: ou os campos de cálculo contradizem o dispositivo, ou o dispositivo citado é o que exclui esta regra. As duas leituras deixam algo errado no documento; nenhuma delas absolve. Esta disposição **não** afirma qual lado corrigir, nem que alguma concessão tenha saído a menor — depende de caso concreto, que o catálogo não registra."", ""decidido_por"": ""franklinbaldo"", ""decidido_em"": ""2026-07-30"", ""decisao_pendente_de"": ""IPERON, como titular do produto: se esta regra é a do servidor que fez a opção do § 16 do art. 40 da CF. A resposta decide se o que se corrige são os campos de cálculo ou o vínculo de dispositivo, e ela não está no catálogo — não há coluna que registre a adesão à previdência complementar.""}]"
"Voluntária · Policial civil · ingresso após 31/12/2003 e até 31/12/2024, requisitos antes de 31/12/2024 · Feminino · proporcional · média",APOSENTADORIA VOLUNTÁRIA POR TEMPO DE CONTRIBUIÇÃO,TRUE,4º,FALSE,FALSE,S,CIVIL,S,,N,N,N,N,N,31/12/2024 00:00,31/12/2003 00:00,31/12/2024 00:00,01/01/1910 00:00,,N,"Aposentadoria especial de policial, com proventos integrais (cálculo por média) e sem paridade, com base no artigo 7º, §§ 2º e 3º da Emenda Constitucional Estadual nº 146/2021, artigo 1º, inciso II, alínea ""b"", da Lei Complementar nº 51/1985 e artigo 40, §1°, inciso III, segunda parte, da Constituição Federal, com a redação dada pela Emenda Constitucional nº 103/2019 - regra transitória mulher - idade + tempo + pedágio | Aposentadoria especial de policial, com proventos integrais (cálculo por média) e sem paridade, com base no artigo 7º, §§ 2º e 3º da Emenda Constitucional Estadual nº 146/2021, artigo 1º, inciso II, alínea ""a"", da Lei Complementar nº 51/1985 e artigo 40, §1°, inciso III, segunda parte, da Constituição Federal, com a redação dada pela Emenda Constitucional nº 103/2019 - regra transitória de homem - idade + tempo + pedágio",N,FEMININO,N,Valor Médio,,ativa,,importada,,,[],"[""/dispositivos/cf88/art-40-par-1-inc-iii/ec-103-2019.md"", ""/dispositivos/ece-146-2021/art-7-par-2/original.md"", ""/dispositivos/ece-146-2021/art-7-par-3/original.md"", ""/dispositivos/lc-51-1985/art-1-inc-ii-al-b/lc-144-2014.md""]",[],"[{""achado"": ""/achados/achado-0020.md"", ""disposicao"": ""corrigida"", ""justificativa"": ""Corrigida pela renomeação do catálogo inteiro. Esta regra recebeu `nome` pelo padrão de facetas em ordem de anamnese — benefício, categoria especial, regime, e sexo quando gravado —, que é a resposta à questão 1 do achado (\""qual padrão adotar\""). A questão 4 dele — se a correção pertencia ao catálogo auditado da RFC 0004 em vez de a uma edição em `regra-*.md` — foi respondida pela coordenação em 2026-07-30: a auditoria está autorizada a alterar `nome`, e o registro está na Decisão 10 de `docs/analysis/decisoes-de-auditoria-2026-07-30.md`. Duas coisas que esta disposição **não** afirma: que o `P2_IGUALDADE_MATERIAL_ATIVA` sobre esta regra tenha sido tocado, se houver — `nome` está fora da chave material, e os sete grupos P2 do catálogo seguem idênticos, asseverados por teste; e que a padronização deva virar gate, que é a questão 2 do achado e segue aberta."", ""decidido_por"": ""franklinbaldo"", ""decidido_em"": ""2026-07-30""}, {""achado"": ""/achados/achado-0058.md"", ""disposicao"": ""encaminhada"", ""justificativa"": ""A divergência entre os campos de cálculo e o dispositivo citado é fato do catálogo e está conferida: esta regra vincula o § 3º do art. 7º da ECE 146/2021, que manda pagar a totalidade da remuneração no cargo efetivo com reajuste vinculado ao servidor em atividade, e grava `paridade: N`, `integral: N` e `tipo_calculo: Valor Médio` — nenhuma das duas coisas que o parágrafo determina. Das treze regras que vinculam esse parágrafo, dez gravam `paridade: S` com `Remuneração de Contribuição`. **Por que não é `corrigida`.** Há duas correções opostas e o catálogo não contém o fato que decide entre elas. O § 3º exclui quem fez a opção do § 16 do art. 40 da CF — a adesão à previdência complementar —, e se esta regra for a do servidor optante os valores gravados descrevem o cálculo corretamente e o defeito é de citação, não de parametrização. Não há coluna de adesão à previdência complementar no cadastro, então a hipótese não se confirma nem se afasta daqui. Editar os campos de cálculo sob essa incerteza mudaria o valor do benefício com base numa leitura não verificada, que é o modo de falha da RFC 0008 — e neste caso sobre a coluna que mais pesa. **Por que não é `nao_se_aplica`.** O defeito se materializa aqui de um jeito ou de outro: ou os campos de cálculo contradizem o dispositivo, ou o dispositivo citado é o que exclui esta regra. As duas leituras deixam algo errado no documento; nenhuma delas absolve. Esta disposição **não** afirma qual lado corrigir, nem que alguma concessão tenha saído a menor — depende de caso concreto, que o catálogo não registra."", ""decidido_por"": ""franklinbaldo"", ""decidido_em"": ""2026-07-30"", ""decisao_pendente_de"": ""IPERON, como titular do produto: se esta regra é a do servidor que fez a opção do § 16 do art. 40 da CF. A resposta decide se o que se corrige são os campos de cálculo ou o vínculo de dispositivo, e ela não está no catálogo — não há coluna que registre a adesão à previdência complementar.""}]"
"Voluntária · Policial civil · ingresso até 31/12/2003, requisitos antes de 31/12/2024 · Masculino · integral · paridade",APOSENTADORIA VOLUNTÁRIA POR TEMPO DE CONTRIBUIÇÃO,TRUE,4º,FALSE,FALSE,S,CIVIL,S,,S,N,N,N,N,31/12/2003 00:00,01/01/1950 00:00,31/12/2024 00:00,01/01/1910 00:00,,N,"Aposentadoria especial de policial, com proventos integrais (cálculo por integralidade) e com paridade, com base no artigo 7º, §§ 2º e 3º da Emenda Constitucional Estadual nº 146/2021, artigo 1º, inciso II, alínea ""a"", da Lei Complementar nº 51/1985 e artigo 40, §1°, inciso III, segunda parte, da Constituição Federal, com a redação dada pela Emenda Constitucional nº 103/2019 - regra transitória homem- idade + tempo + pedágio | Aposentadoria especial de policial, com proventos integrais (cálculo por integralidade) e com paridade, com base no artigo 7º, §§ 2º e 3º da Emenda Constitucional Estadual nº 146/2021, artigo 1º, inciso II, alínea ""b"", da Lei Complementar nº 51/1985 e artigo 40, §1°, inciso III, segunda parte, da Constituição Federal, com a redação dada pela Emenda Constitucional nº 103/2019 - regra transitória mulher - idade + tempo + pedágio",N,MASCULINO,S,Remuneração de Contribuição,,ativa,,importada,,,[],"[""/dispositivos/cf88/art-40-par-1-inc-iii/ec-103-2019.md"", ""/dispositivos/ece-146-2021/art-7-par-2/original.md"", ""/dispositivos/ece-146-2021/art-7-par-3/original.md"", ""/dispositivos/lc-51-1985/art-1-inc-ii-al-a/lc-144-2014.md""]",[],[]
"Voluntária · Policial civil · ingresso até 31/12/2003, requisitos antes de 31/12/2024 · Feminino · integral · paridade",APOSENTADORIA VOLUNTÁRIA POR TEMPO DE CONTRIBUIÇÃO,TRUE,4º,FALSE,FALSE,S,CIVIL,S,,S,N,N,N,N,31/12/2003 00:00,01/01/1950 00:00,31/12/2024 00:00,01/01/1910 00:00,,N,"Aposentadoria especial de policial, com proventos integrais (cálculo por integralidade) e com paridade, com base no artigo 7º, §§ 2º e 3º da Emenda Constitucional Estadual nº 146/2021, artigo 1º, inciso II, alínea ""a"", da Lei Complementar nº 51/1985 e artigo 40, §1°, inciso III, segunda parte, da Constituição Federal, com a redação dada pela Emenda Constitucional nº 103/2019 - regra transitória homem- idade + tempo + pedágio | Aposentadoria especial de policial, com proventos integrais (cálculo por integralidade) e com paridade, com base no artigo 7º, §§ 2º e 3º da Emenda Constitucional Estadual nº 146/2021, artigo 1º, inciso II, alínea ""b"", da Lei Complementar nº 51/1985 e artigo 40, §1°, inciso III, segunda parte, da Constituição Federal, com a redação dada pela Emenda Constitucional nº 103/2019 - regra transitória mulher - idade + tempo + pedágio",N,FEMININO,S,Remuneração de Contribuição,,ativa,,importada,,,[],"[""/dispositivos/cf88/art-40-par-1-inc-iii/ec-103-2019.md"", ""/dispositivos/ece-146-2021/art-7-par-2/original.md"", ""/dispositivos/ece-146-2021/art-7-par-3/original.md"", ""/dispositivos/lc-51-1985/art-1-inc-ii-al-b/lc-144-2014.md""]",[],[]
